Image1,Image2,VGG-Face,VGG-Face Match,OpenFace,OpenFace Match,Facenet,Facenet Match,ArcFace,ArcFace Match,,,,
S001-01-t10_01.jpg,S001-02-t10_01.jpg,0.226486191,TRUE,0.177524687,FALSE,0.3135919,TRUE,0.397982253,TRUE,,,,
S001-03-t10_01.jpg,S001-04-t10_01.jpg,0.579464086,FALSE,0.825223968,FALSE,0.831398598,FALSE,0.90441132,FALSE,,,,
S001-05-t10_01.jpg,S001-06-t10_01.jpg,0.548101407,FALSE,0.336031952,FALSE,0.786372311,FALSE,0.910232643,FALSE,,,,
S001-07-t10_01.jpg,S001-08-t10_01.jpg,0.30130269,TRUE,0.622552565,FALSE,0.803551217,FALSE,0.897293862,FALSE,,,,Thresholds
S001-08-t10_02.jpg,S001-08-t10_03.jpg,0.079327097,TRUE,0.458803254,FALSE,0.245313582,TRUE,0.007812965,TRUE,,,,VGG_FACE : 0.4
S006-01-t10_01.jpg,S006-02-t10_01.jpg,0.084920374,TRUE,0.10174595,FALSE,0.07285829,TRUE,0.003697743,TRUE,,,,ArcFace : 0.6
S008-01-t10_01.jpg,S008-02-t10_01.jpg,0.090357463,TRUE,0.162151519,FALSE,0.223415645,TRUE,0.253711926,TRUE,,,,OpenFace : 0.1
S008-03-t10_01.jpg,S008-04-t10_01.jpg,0.408978028,FALSE,0.432546221,FALSE,0.495706674,FALSE,0.69169329,FALSE,,,,FaceNet : 0.4
S008-05-t10_01.jpg,S008-06-t10_01.jpg,0.195774615,TRUE,0.365095665,FALSE,0.445644888,FALSE,0.023386651,TRUE,,,,
S013-01-t10_01.jpg,S013-02-t10_01.jpg,0.325585904,TRUE,0.148177329,FALSE,0.519530254,FALSE,0.314581113,TRUE,,,,
S015-01-t10_01.jpg,S015-02-t10_01.jpg,0.17449169,TRUE,0.305637721,FALSE,0.713836289,FALSE,0.836779695,FALSE,,,,
S022-01-t10_01.jpg,S022-02-t10_01.jpg,0.245271202,TRUE,0.514127906,FALSE,0.086517609,TRUE,0.011081137,TRUE,,,,
S023-01-t10_01.jpg,S023-02-t10_01.jpg,0.058153118,TRUE,0.347302544,FALSE,0.165738982,TRUE,0.026293663,TRUE,,,,
S023-03-t10_01.jpg,S023-04-t10_01.jpg,0.284288827,TRUE,0.292377675,FALSE,0.93204653,FALSE,0.970643927,FALSE,,,,
S027-01-t10_01.jpg,S027-01-t10_02.jpg,0.024068212,TRUE,0.039848325,TRUE,0.525354394,FALSE,0.007231798,TRUE,,,,
S029-01-t10_01.jpg,S029-02-t10_01.jpg,0.578228051,FALSE,0.552481422,FALSE,0.797074511,FALSE,0.886077165,FALSE,,,,
S030-01-t10_01.jpg,S030-02-t10_01.jpg,0.210238373,TRUE,0.253734489,FALSE,0.33190729,TRUE,0.014721979,TRUE,,,,
S030-03-t10_01.jpg,S030-04-t10_01.jpg,0.129244084,TRUE,0.07422488,TRUE,0.310499937,TRUE,0.014967777,TRUE,,,,
S031-01-t10_01.jpg,S031-02-t10_01.jpg,0.118737146,TRUE,0.576349689,FALSE,0.148599376,TRUE,0.007612689,TRUE,,,,
S031-03-t10_01.jpg,S031-04-t10_01.jpg,0.188216096,TRUE,0.13058206,FALSE,0.321874105,TRUE,0.012974399,TRUE,,,,
S031-05-t10_01.jpg,S031-06-t10_01.jpg,0.166876871,TRUE,0.233690392,FALSE,0.362961381,TRUE,0.01041558,TRUE,,,,
S032-01-t10_01.jpg,S032-02-t10_01.jpg,0.413489756,FALSE,0.563122022,FALSE,0.932453783,FALSE,0.96509772,FALSE,,,,
S033-01-t10_01.jpg,S033-02-t10_01.jpg,0.165472856,TRUE,0.25158478,FALSE,0.248840094,TRUE,0.023261552,TRUE,,,,
S033-03-t10_01.jpg,S033-04-t10_01.jpg,0.296907262,TRUE,0.338775922,FALSE,0.525399974,FALSE,0.855664936,FALSE,,,,
S033-05-t10_01.jpg,S033-06-t10_01.jpg,0.239231965,TRUE,0.265900653,FALSE,0.446267091,FALSE,0.02131998,TRUE,,,,
S036-01-t10_01.jpg,S036-02-t10_01.jpg,0.202037043,TRUE,0.410890558,FALSE,0.242780246,TRUE,0.891789719,FALSE,,,,
S044-01-t10_01.jpg,S044-02-t10_01.jpg,0.17104552,TRUE,0.241939849,FALSE,0.299492518,TRUE,0.00573271,TRUE,,,,
S044-03-t10_01.jpg,S044-04-t10_01.jpg,0.540467922,FALSE,0.683319677,FALSE,0.84806706,FALSE,0.928295855,FALSE,,,,
S044-05-t10_01.jpg,S044-06-t10_01.jpg,0.381839574,TRUE,0.616565053,FALSE,0.570356576,FALSE,0.525273181,TRUE,,,,
S044-07-t10_01.jpg,S044-08-t10_01.jpg,0.1917525,TRUE,0.102070773,FALSE,0.162750447,TRUE,0.006225372,TRUE,,,,
S045-01-t10_01.jpg,S045-01-t10_02.jpg,0.231341123,TRUE,0.139253421,FALSE,0.238173414,TRUE,0.008176372,TRUE,,,,
S046-01-t10_01.jpg,S046-02-t10_01.jpg,0.262228585,TRUE,0.330255873,FALSE,0.334299665,TRUE,0.85608686,FALSE,,,,
S048-01-t10_01.jpg,S048-02-t10_01.jpg,0.084905382,TRUE,0.16585825,FALSE,0.343196665,TRUE,0.3576666,TRUE,,,,
S048-03-t10_01.jpg,S048-04-t10_01.jpg,0.132433426,TRUE,0.231571347,FALSE,0.585390473,FALSE,0.086679326,TRUE,,,,
S048-05-t10_01.jpg,S048-06-t10_01.jpg,0.301347897,TRUE,0.537073035,FALSE,1.029237879,FALSE,1.022740415,FALSE,,,,
S051-01-t10_01.jpg,S051-02-t10_01.jpg,0.428323758,FALSE,0.31061099,FALSE,0.850289896,FALSE,0.936266531,FALSE,,,,
S052-01-t10_01.jpg,S052-02-t10_01.jpg,0.276878753,TRUE,0.328790971,FALSE,0.653151146,FALSE,0.736947387,FALSE,,,,
S054-01-t10_01.jpg,S054-02-t10_01.jpg,0.240788939,TRUE,0.307584562,FALSE,0.568504972,FALSE,0.540390558,TRUE,,,,
S058-01-t10_01.jpg,S058-02-t10_01.jpg,0.206693216,TRUE,0.267717597,FALSE,0.198584611,TRUE,0.450502634,TRUE,,,,
S059-01-t10_01.jpg,S059-01-t10_02.jpg,0.534438373,FALSE,0.22985072,FALSE,0.482398279,FALSE,0.034689406,TRUE,,,,
S064-01-t10_01.jpg,S064-02-t10_01.jpg,0.171512162,TRUE,0.241847253,FALSE,0.287289472,TRUE,0.023322739,TRUE,,,,
S065-01-t10_01.jpg,S065-02-t10_01.jpg,0.257876439,TRUE,0.295326619,FALSE,0.584143302,FALSE,0.030291442,TRUE,,,,
S068-01-t10_01.jpg,S068-02-t10_01.jpg,0.220043303,TRUE,0.288937036,FALSE,0.71861015,FALSE,0.837883561,FALSE,,,,
S068-03-t10_01.jpg,S068-04-t10_01.jpg,0.376055841,TRUE,0.381194097,FALSE,0.767728732,FALSE,0.800897878,FALSE,,,,
S068-05-t10_01.jpg,S068-06-t10_01.jpg,0.366509172,TRUE,0.445336602,FALSE,0.526407251,FALSE,0.454702476,TRUE,,,,
S069-01-t10_01.jpg,S069-02-t10_01.jpg,0.08838093,TRUE,0.199176614,FALSE,0.137858472,TRUE,0.019528407,TRUE,,,,
S073-01-t10_01.jpg,S073-01-t10_02.jpg,0.310322067,TRUE,0.380562608,FALSE,0.391440683,TRUE,0.050588463,TRUE,,,,
S076-01-t10_01.jpg,S076-02-t10_01.jpg,0.165984683,TRUE,0.18987254,FALSE,0.201951861,TRUE,0.008447071,TRUE,,,,
S078-01-t10_01.jpg,S078-02-t10_01.jpg,0.619924133,FALSE,0.394434451,FALSE,0.795852579,FALSE,0.279055952,TRUE,,,,
S078-02-t10_02.jpg,S078-03-t10_01.jpg,0.189506793,TRUE,0.336048711,FALSE,0.857101904,FALSE,0.023653042,TRUE,,,,
S085-01-t10_01.jpg,S085-01-t10_02.jpg,0.089961721,TRUE,0.063027348,TRUE,0.16918174,TRUE,0.006885673,TRUE,,,,
S088-01-t10_01.jpg,S088-02-t10_01.jpg,0.459096934,FALSE,0.290822755,FALSE,0.801872516,FALSE,0.089942918,TRUE,,,,
S093-01-t10_01.jpg,S093-02-t10_01.jpg,0.390305282,TRUE,0.384992984,FALSE,0.868899813,FALSE,0.956945064,FALSE,,,,
S095-01-t10_01.jpg,S095-02-t10_01.jpg,0.191216729,TRUE,0.168841274,FALSE,0.206547224,TRUE,0.007151103,TRUE,,,,
S096-01-t10_01.jpg,S096-02-t10_01.jpg,0.2957916,TRUE,0.397486889,FALSE,0.471409578,FALSE,0.861410633,FALSE,,,,
S098-01-t10_01.jpg,S098-02-t10_01.jpg,0.159033014,TRUE,0.128199833,FALSE,0.082467501,TRUE,0.008483191,TRUE,,,,
S099-01-t10_01.jpg,S099-02-t10_01.jpg,0.336929449,TRUE,0.22966571,FALSE,0.691465362,FALSE,0.029462061,TRUE,,,,
S101-01-t10_01.jpg,S101-02-t10_01.jpg,0.203859748,TRUE,0.213508078,FALSE,0.387426526,TRUE,0.022129489,TRUE,,,,
S108-01-t10_01.jpg,S108-02-t10_01.jpg,0.518513126,FALSE,0.637108104,FALSE,0.690641586,FALSE,0.907905986,FALSE,,,,
S108-03-t10_01.jpg,S108-04-t10_01.jpg,0.314896495,TRUE,0.652025117,FALSE,0.690980368,FALSE,0.938972696,FALSE,,,,
S111-01-t10_01.jpg,S111-02-t10_01.jpg,0.236181064,TRUE,0.170223692,FALSE,0.399504445,TRUE,0.049496434,TRUE,,,,
S111-03-t10_01.jpg,S111-04-t10_01.jpg,0.242747554,TRUE,0.410980745,FALSE,0.500885419,FALSE,0.602306157,TRUE,,,,
S112-01-t10_01.jpg,S112-02-t10_01.jpg,0.12086617,TRUE,0.124542431,FALSE,0.456398865,FALSE,0.074855991,TRUE,,,,
S117-01-t10_01.jpg,S117-02-t10_01.jpg,0.375576503,TRUE,0.142036576,FALSE,0.405424654,FALSE,0.020720864,TRUE,,,,
S118-01-t10_01.jpg,S118-02-t10_01.jpg,0.468615348,FALSE,0.635824212,FALSE,0.95775007,FALSE,0.9784664,FALSE,,,,
S120-01-t10_01.jpg,S120-01-t10_02.jpg,0.161740679,TRUE,0.138917247,FALSE,0.177605594,TRUE,0.012681746,TRUE,,,,
S124-01-t10_01.jpg,S124-02-t10_01.jpg,0.126896154,TRUE,0.210666759,FALSE,0.307795835,TRUE,0.015262254,TRUE,,,,
S130-01-t10_01.jpg,S130-02-t10_01.jpg,0.243559904,TRUE,0.119979712,FALSE,0.562834574,FALSE,0.621677837,TRUE,,,,
S132-01-t10_01.jpg,S132-02-t10_01.jpg,0.27057948,TRUE,0.23889267,FALSE,0.60959854,FALSE,0.064268531,TRUE,,,,
S133-01-t10_01.jpg,S133-02-t10_01.jpg,0.222549455,TRUE,0.227863097,FALSE,0.532933413,FALSE,0.511023533,TRUE,,,,
S134-01-t10_01.jpg,S134-02-t10_01.jpg,0.575689704,FALSE,0.537703237,FALSE,0.802726034,FALSE,0.83160665,FALSE,,,,
S134-03-t10_01.jpg,S134-04-t10_01.jpg,0.278974696,TRUE,0.493660497,FALSE,0.271932074,TRUE,0.011755583,TRUE,,,,
S134-05-t10_01.jpg,S134-06-t10_01.jpg,0.565919116,FALSE,0.94602599,FALSE,0.901369145,FALSE,0.80118074,FALSE,,,,
S134-07-t10_01.jpg,S134-08-t10_01.jpg,0.667694467,FALSE,0.796105979,FALSE,1.098459666,FALSE,0.872905949,FALSE,,,,
S138-01-t10_01.jpg,S138-02-t10_01.jpg,0.034988158,TRUE,0.128067636,FALSE,0.175584735,TRUE,0.009068463,TRUE,,,,
S142-01-t10_01.jpg,S142-02-t10_01.jpg,0.17453011,TRUE,0.341762216,FALSE,0.46366562,FALSE,0.901236786,FALSE,,,,
S142-03-t10_01.jpg,S142-04-t10_01.jpg,0.157265656,TRUE,0.069269298,TRUE,0.403882425,FALSE,0.01566773,TRUE,,,,
S142-05-t10_01.jpg,S142-06-t10_01.jpg,0.23224693,TRUE,0.318410323,FALSE,0.719645471,FALSE,0.945931741,FALSE,,,,
S145-01-t10_01.jpg,S145-01-t10_02.jpg,0.231954549,TRUE,0.148957558,FALSE,0.301687981,TRUE,0.020892691,TRUE,,,,
S146-01-t10_01.jpg,S146-02-t10_01.jpg,0.122165108,TRUE,0.30302553,FALSE,0.391429407,TRUE,0.011399729,TRUE,,,,
S148-01-t10_01.jpg,S148-02-t10_01.jpg,0.169718528,TRUE,0.650158369,FALSE,0.747172972,FALSE,0.881890009,FALSE,,,,
S148-03-t10_01.jpg,S148-04-t10_01.jpg,0.0861988,TRUE,0.01938764,TRUE,0.084659635,TRUE,0.004518209,TRUE,,,,
S150-01-t10_01.jpg,S150-02-t10_01.jpg,0.241512248,TRUE,0.158585891,FALSE,0.178187966,TRUE,0.028964482,TRUE,,,,
S153-01-t10_01.jpg,S153-02-t10_01.jpg,0.253755424,TRUE,0.159013551,FALSE,0.471598838,FALSE,0.531906334,TRUE,,,,
S163-01-t10_01.jpg,S163-02-t10_01.jpg,0.238186478,TRUE,0.21256765,FALSE,0.64514415,FALSE,0.137620551,TRUE,,,,
S164-01-t10_01.jpg,S164-02-t10_01.jpg,0.297747998,TRUE,0.402213892,FALSE,0.749193309,FALSE,0.728113213,FALSE,,,,
S166-01-t10_01.jpg,S166-02-t10_01.jpg,0.237662908,TRUE,0.504658088,FALSE,0.107271475,TRUE,0.011170343,TRUE,,,,
S171-01-t10_01.jpg,S171-02-t10_01.jpg,0.187489647,TRUE,0.258621878,FALSE,0.343248507,TRUE,0.013321895,TRUE,,,,
S171-03-t10_01.jpg,S171-04-t10_01.jpg,0.231309107,TRUE,0.304582096,FALSE,0.573255699,FALSE,0.783142876,FALSE,,,,
S171-05-t10_01.jpg,S171-06-t10_01.jpg,0.321605733,TRUE,0.30886201,FALSE,0.765592725,FALSE,0.877466933,FALSE,,,,
S171-07-t10_01.jpg,S171-08-t10_01.jpg,0.220993402,TRUE,0.665492638,FALSE,0.568663813,FALSE,0.505995788,TRUE,,,,
S173-01-t10_01.jpg,S173-02-t10_01.jpg,0.210490278,TRUE,0.246241014,FALSE,0.33972112,TRUE,0.013947389,TRUE,,,,
S174-01-t10_01.jpg,S174-02-t10_01.jpg,0.495912656,FALSE,0.588859707,FALSE,0.657374901,FALSE,0.823818867,FALSE,,,,
S174-03-t10_01.jpg,S174-04-t10_01.jpg,0.436112582,FALSE,0.47969795,FALSE,0.533147592,FALSE,0.012195003,TRUE,,,,
S180-01-t10_01.jpg,S180-01-t10_02.jpg,0.047417936,TRUE,0.18551587,FALSE,0.241314271,TRUE,0.020382726,TRUE,,,,
S182-01-t10_01.jpg,S182-02-t10_01.jpg,0.137096717,TRUE,0.32731656,FALSE,0.454808502,FALSE,0.019437898,TRUE,,,,
S185-01-t10_01.jpg,S185-02-t10_01.jpg,0.241572758,TRUE,0.375898389,FALSE,0.121964062,TRUE,0.045063156,TRUE,,,,
S185-03-t10_01.jpg,S185-04-t10_01.jpg,0.401324489,FALSE,0.322359656,FALSE,0.691066968,FALSE,0.746918353,FALSE,,,,
S190-01-t10_01.jpg,S190-02-t10_01.jpg,0.456588567,FALSE,0.391217878,FALSE,0.668602122,FALSE,0.738549617,FALSE,,,,
S191-01-t10_01.jpg,S191-02-t10_01.jpg,0.162619042,TRUE,0.250137518,FALSE,0.302144268,TRUE,0.050472103,TRUE,,,,
S193-01-t10_01.jpg,S193-02-t10_01.jpg,0.328958715,TRUE,0.122528922,FALSE,0.453890404,FALSE,0.010242723,TRUE,,,,
S194-01-t10_01.jpg,S194-02-t10_01.jpg,0.191489116,TRUE,0.597819128,FALSE,0.614022784,FALSE,0.353622964,TRUE,,,,
S195-01-t10_01.jpg,S195-02-t10_01.jpg,0.254578187,TRUE,0.170881599,FALSE,0.464879266,FALSE,0.043754736,TRUE,,,,
S195-03-t10_01.jpg,S195-04-t10_01.jpg,0.30970387,TRUE,0.547137579,FALSE,0.476384113,FALSE,0.910637427,FALSE,,,,
S198-01-t10_01.jpg,S198-02-t10_01.jpg,0.279992383,TRUE,0.132328123,FALSE,0.067537225,TRUE,0.013924396,TRUE,,,,
S198-03-t10_01.jpg,S198-04-t10_01.jpg,0.135855013,TRUE,0.363127785,FALSE,0.186830601,TRUE,0.011362818,TRUE,,,,
S199-01-t10_01.jpg,S199-02-t10_01.jpg,0.205694262,TRUE,0.450087232,FALSE,0.763309014,FALSE,0.937207488,FALSE,,,,
S201-01-t10_01.jpg,S201-02-t10_01.jpg,0.237547289,TRUE,0.504064684,FALSE,0.646722918,FALSE,0.951931983,FALSE,,,,
S202-01-t10_01.jpg,S202-02-t10_01.jpg,0.159611803,TRUE,0.301545225,FALSE,0.103933185,TRUE,0.012622668,TRUE,,,,
S202-03-t10_01.jpg,S202-04-t10_01.jpg,0.199256343,TRUE,0.134704865,FALSE,0.643363233,FALSE,0.016507954,TRUE,,,,
S203-01-t10_01.jpg,S203-01-t10_02.jpg,0.088260053,TRUE,0.262779765,FALSE,0.13735386,TRUE,0.006789384,TRUE,,,,
S203-02-t10_01.jpg,S203-03-t10_01.jpg,0.367527332,TRUE,0.399074091,FALSE,0.638498128,FALSE,0.858830498,FALSE,,,,
S206-01-t10_01.jpg,S206-02-t10_01.jpg,0.636557795,FALSE,0.470706309,FALSE,0.783399845,FALSE,0.970347591,FALSE,,,,
S212-01-t10_01.jpg,S212-02-t10_01.jpg,0.189798979,TRUE,0.168771959,FALSE,0.260657243,TRUE,0.011792382,TRUE,,,,
S214-01-t10_01.jpg,S214-02-t10_01.jpg,0.106248951,TRUE,0.162062146,FALSE,0.265223002,TRUE,0.033266685,TRUE,,,,
S215-01-t10_01.jpg,S215-02-t10_01.jpg,0.034152439,TRUE,0.211320484,FALSE,0.121573198,TRUE,0.015966388,TRUE,,,,
S215-03-t10_01.jpg,S215-04-t10_01.jpg,0.169933118,TRUE,0.297801891,FALSE,0.280659547,TRUE,0.809962674,FALSE,,,,
S219-01-t10_01.jpg,S219-02-t10_01.jpg,0.317377123,TRUE,0.691370653,FALSE,0.753281252,FALSE,0.910563524,FALSE,,,,
S220-01-t10_01.jpg,S220-02-t10_01.jpg,0.310920008,TRUE,0.480221507,FALSE,0.720840794,FALSE,0.917757822,FALSE,,,,
S222-01-t10_01.jpg,S222-02-t10_01.jpg,0.20200128,TRUE,0.355877311,FALSE,0.286033527,TRUE,0.659495383,TRUE,,,,
S223-01-t10_01.jpg,S223-02-t10_01.jpg,0.744215819,FALSE,0.561592475,FALSE,0.78722532,FALSE,0.938353426,FALSE,,,,
S225-01-t10_01.jpg,S225-02-t10_01.jpg,0.203190915,TRUE,0.259895086,FALSE,0.38010328,TRUE,0.197669327,TRUE,,,,
S226-01-t10_01.jpg,S226-02-t10_01.jpg,0.057170527,TRUE,0.130946571,FALSE,0.295463305,TRUE,0.274726446,TRUE,,,,
S227-01-t10_01.jpg,S227-02-t10_01.jpg,0.545706432,FALSE,0.798930083,FALSE,0.779683245,FALSE,0.73024219,FALSE,,,,
S228-01-t10_01.jpg,S228-02-t10_01.jpg,0.505307204,FALSE,0.586323896,FALSE,0.842225103,FALSE,0.879984736,FALSE,,,,
S232-01-t10_01.jpg,S232-02-t10_01.jpg,0.058737741,TRUE,0.155856981,FALSE,0.076168286,TRUE,0.013875263,TRUE,,,,
S236-01-t10_01.jpg,S236-02-t10_01.jpg,0.089657332,TRUE,0.158622905,FALSE,0.105365234,TRUE,0.019468876,TRUE,,,,
S239-01-t10_01.jpg,S239-02-t10_01.jpg,0.347282355,TRUE,0.810652756,FALSE,1.068497175,FALSE,0.903844145,FALSE,,,,
S240-01-t10_01.jpg,S240-02-t10_01.jpg,0.122746571,TRUE,0.144786082,FALSE,0.165001888,TRUE,0.017170547,TRUE,,,,
S243-01-t10_01.jpg,S243-02-t10_01.jpg,0.370838495,TRUE,0.494579572,FALSE,0.26976114,TRUE,0.840064457,FALSE,,,,
S243-03-t10_01.jpg,S243-04-t10_01.jpg,0.065974762,TRUE,0.061498898,TRUE,0.097181654,TRUE,0.013690129,TRUE,,,,
S243-05-t10_01.jpg,S243-06-t10_01.jpg,0.041004636,TRUE,0.048355619,TRUE,0.082983167,TRUE,0.005428467,TRUE,,,,
S243-07-t10_01.jpg,S243-08-t10_01.jpg,0.198366122,TRUE,0.284100605,FALSE,0.390755075,TRUE,0.785202595,FALSE,,,,
S249-01-t10_01.jpg,S249-02-t10_01.jpg,0.340353372,TRUE,0.310763576,FALSE,0.854492782,FALSE,0.886432206,FALSE,,,,
S250-01-t10_01.jpg,S250-02-t10_01.jpg,0.440914984,FALSE,0.803691017,FALSE,0.838330116,FALSE,0.529161056,TRUE,,,,
S253-01-t10_01.jpg,S253-02-t10_01.jpg,0.20327875,TRUE,0.240212346,FALSE,0.484705088,FALSE,0.026509946,TRUE,,,,
S253-03-t10_01.jpg,S253-04-t10_01.jpg,0.314236818,TRUE,0.393020433,FALSE,0.625923674,FALSE,0.860654308,FALSE,,,,
S254-01-t10_01.jpg,S254-02-t10_01.jpg,0.258935829,TRUE,0.521998595,FALSE,0.452077751,FALSE,0.72513254,FALSE,,,,
S256-01-t10_01.jpg,S256-02-t10_01.jpg,0.266842989,TRUE,0.482928422,FALSE,0.404021084,FALSE,0.010144778,TRUE,,,,
S258-01-t10_01.jpg,S258-02-t10_01.jpg,0.332085854,TRUE,0.558804853,FALSE,0.151134193,TRUE,0.040730934,TRUE,,,,
S259-01-t10_01.jpg,S259-02-t10_01.jpg,0.265255483,TRUE,0.466590194,FALSE,0.257227349,TRUE,0.018458848,TRUE,,,,
S261-01-t10_01.jpg,S261-02-t10_01.jpg,0.283960196,TRUE,0.368152501,FALSE,0.367251428,TRUE,0.018613079,TRUE,,,,
S263-01-t10_01.jpg,S263-01-t10_02.jpg,0.292332866,TRUE,0.106670558,FALSE,0.585898143,FALSE,0.013984952,TRUE,,,,
S270-01-t10_01.jpg,S270-01-t10_02.jpg,0.061712536,TRUE,0.106744832,FALSE,0.346698859,TRUE,0.008192614,TRUE,,,,
S272-01-t10_01.jpg,S272-02-t10_01.jpg,0.500308353,FALSE,0.392946832,FALSE,1.065152509,FALSE,0.995439967,FALSE,,,,
S273-01-t10_01.jpg,S273-02-t10_01.jpg,0.077440062,TRUE,0.097682684,TRUE,0.219943506,TRUE,0.06630668,TRUE,,,,
S273-03-t10_01.jpg,S273-04-t10_01.jpg,0.058684078,TRUE,0.129171572,FALSE,0.097783591,TRUE,0.010821876,TRUE,,,,
S280-01-t10_01.jpg,S280-02-t10_01.jpg,0.260962324,TRUE,0.464336795,FALSE,0.526027659,FALSE,0.247965983,TRUE,,,,
S280-03-t10_01.jpg,S280-04-t10_01.jpg,0.172862915,TRUE,0.30111243,FALSE,0.783975235,FALSE,0.789890278,FALSE,,,,
S280-05-t10_01.jpg,S280-06-t10_01.jpg,0.264897776,TRUE,0.364075836,FALSE,0.447050762,FALSE,0.690869539,FALSE,,,,
S280-07-t10_01.jpg,S280-08-t10_01.jpg,0.099973813,TRUE,0.529509084,FALSE,0.495567617,FALSE,0.353437377,TRUE,,,,
S280-09-t10_01.jpg,S280-10-t10_01.jpg,0.103868342,TRUE,0.125132982,FALSE,0.234264595,TRUE,0.456822564,TRUE,,,,
S282-01-t10_01.jpg,S282-02-t10_01.jpg,0.339288744,TRUE,0.465720269,FALSE,0.656958944,FALSE,0.779000952,FALSE,,,,
S283-01-t10_01.jpg,S283-02-t10_01.jpg,0.083959805,TRUE,0.319708165,FALSE,0.241593321,TRUE,0.010678563,TRUE,,,,
S284-01-t10_01.jpg,S284-01-t10_02.jpg,0.544074184,FALSE,0.604936667,FALSE,0.867070514,FALSE,0.962722128,FALSE,,,,
S284-02-t10_01.jpg,S284-02-t10_02.jpg,0.339714592,TRUE,0.543804907,FALSE,0.189322468,TRUE,0.007776559,TRUE,,,,
S285-01-t10_01.jpg,S285-01-t10_02.jpg,0.135433932,TRUE,0.207133804,FALSE,0.259995425,TRUE,0.017425623,TRUE,,,,
S288-01-t10_01.jpg,S288-02-t10_01.jpg,0.300398715,TRUE,0.23981519,FALSE,0.395677647,TRUE,0.746971183,FALSE,,,,
S288-03-t10_01.jpg,S288-04-t10_01.jpg,0.301788753,TRUE,0.790353277,FALSE,0.4855032,FALSE,0.910281438,FALSE,,,,
S291-01-t10_01.jpg,S291-02-t10_01.jpg,0.191417441,TRUE,0.760680072,FALSE,0.830941735,FALSE,0.761481827,FALSE,,,,
S295-01-t10_01.jpg,S295-01-t10_02.jpg,0.551260138,FALSE,0.352793692,FALSE,0.724004976,FALSE,0.941766884,FALSE,,,,
S296-01-t10_01.jpg,S296-02-t10_01.jpg,0.372465831,TRUE,0.171419193,FALSE,0.350930612,TRUE,0.013839986,TRUE,,,,
S296-03-t10_01.jpg,S296-04-t10_01.jpg,0.285740744,TRUE,0.468256075,FALSE,0.557229761,FALSE,0.859269678,FALSE,,,,
S296-05-t10_01.jpg,S296-06-t10_01.jpg,0.245299668,TRUE,0.414440688,FALSE,0.849024546,FALSE,0.952981352,FALSE,,,,
S296-07-t10_01.jpg,S296-08-t10_01.jpg,0.236895014,TRUE,0.680668825,FALSE,0.76465067,FALSE,0.913078809,FALSE,,,,
S296-09-t10_01.jpg,S296-10-t10_01.jpg,0.093625689,TRUE,0.357584857,FALSE,0.429189546,FALSE,0.012189632,TRUE,,,,
S297-01-t10_01.jpg,S297-02-t10_01.jpg,0.380896226,TRUE,0.446462619,FALSE,0.522020087,FALSE,0.193910458,TRUE,,,,
S300-01-t10_01.jpg,S300-02-t10_01.jpg,0.339403484,TRUE,0.758790864,FALSE,0.491405299,FALSE,0.814035648,FALSE,,,,
S304-01-t10_01.jpg,S304-02-t10_01.jpg,0.217177462,TRUE,0.379054937,FALSE,0.182359859,TRUE,0.025046893,TRUE,,,,
S307-01-t10_01.jpg,S307-01-t10_02.jpg,0.218275957,TRUE,0.153636114,FALSE,0.153578578,TRUE,0.016400771,TRUE,,,,
S309-01-t10_01.jpg,S309-02-t10_01.jpg,0.682858045,FALSE,0.933937522,FALSE,0.860381121,FALSE,0.928232509,FALSE,,,,
S309-03-t10_01.jpg,S309-04-t10_01.jpg,0.396421398,TRUE,0.178626824,FALSE,0.169449428,TRUE,0.019909421,TRUE,,,,
S310-01-t10_01.jpg,S310-02-t10_01.jpg,0.322461148,TRUE,0.456872707,FALSE,0.658638298,FALSE,0.934717595,FALSE,,,,
S310-03-t10_01.jpg,S310-04-t10_01.jpg,0.102353745,TRUE,0.26437572,FALSE,0.410398434,FALSE,0.014477486,TRUE,,,,
S313-01-t10_01.jpg,S313-02-t10_01.jpg,0.330193792,TRUE,0.175952157,FALSE,0.419753805,FALSE,0.015746424,TRUE,,,,
S315-01-t10_01.jpg,S315-01-t10_02.jpg,0.257949775,TRUE,0.266591773,FALSE,0.27078365,TRUE,0.021200511,TRUE,,,,
S315-02-t10_01.jpg,S315-02-t10_02.jpg,0.250680609,TRUE,0.348353208,FALSE,0.237964128,TRUE,0.010655792,TRUE,,,,
S316-01-t10_01.jpg,S316-02-t10_01.jpg,0.516396181,FALSE,0.272289966,FALSE,0.543073531,FALSE,0.823170975,FALSE,,,,
S316-03-t10_01.jpg,S316-04-t10_01.jpg,0.064581613,TRUE,0.193968514,FALSE,0.330478909,TRUE,0.008799242,TRUE,,,,
S316-05-t10_01.jpg,S316-06-t10_01.jpg,0.241088194,TRUE,0.194891913,FALSE,0.26500398,TRUE,0.017033777,TRUE,,,,
S316-07-t10_01.jpg,S316-08-t10_01.jpg,0.076218634,TRUE,0.169285971,FALSE,0.191791827,TRUE,0.013213814,TRUE,,,,
S321-01-t10_01.jpg,S321-02-t10_01.jpg,0.195889368,TRUE,0.481121422,FALSE,0.779971646,FALSE,0.701684142,FALSE,,,,
S321-03-t10_01.jpg,S321-03-t10_02.jpg,0.144515507,TRUE,0.197212319,FALSE,0.294662831,TRUE,0.008954621,TRUE,,,,
S324-01-t10_01.jpg,S324-02-t10_01.jpg,0.178073215,TRUE,0.10320396,FALSE,0.237785303,TRUE,0.0714846,TRUE,,,,
S325-01-t10_01.jpg,S325-01-t10_02.jpg,0.405205632,FALSE,0.290595713,FALSE,0.130846868,TRUE,0.011554637,TRUE,,,,
S331-01-t10_01.jpg,S331-02-t10_01.jpg,0.415008544,FALSE,0.480741561,FALSE,0.40696641,FALSE,0.500883118,TRUE,,,,
S333-01-t10_01.jpg,S333-02-t10_01.jpg,0.279653751,TRUE,0.493834723,FALSE,0.92508428,FALSE,0.91386293,FALSE,,,,
S335-01-t10_01.jpg,S335-02-t10_01.jpg,0.22278432,TRUE,0.241952311,FALSE,0.609062173,FALSE,0.364485559,TRUE,,,,
S336-01-t10_01.jpg,S336-02-t10_01.jpg,0.521983095,FALSE,0.69131791,FALSE,0.540907305,FALSE,0.788900696,FALSE,,,,
S341-01-t10_01.jpg,S341-02-t10_01.jpg,0.213088086,TRUE,0.317086637,FALSE,0.464265087,FALSE,0.490859056,TRUE,,,,
S346-01-t10_01.jpg,S346-02-t10_01.jpg,0.110601537,TRUE,0.561037373,FALSE,0.602485964,FALSE,0.056422274,TRUE,,,,
S350-01-t10_01.jpg,S350-02-t10_01.jpg,0.30014564,TRUE,0.568912473,FALSE,0.707622666,FALSE,0.037900006,TRUE,,,,
S351-01-t10_01.jpg,S351-02-t10_01.jpg,0.139648821,TRUE,0.219735653,FALSE,0.206061538,TRUE,0.013468761,TRUE,,,,
S352-01-t10_01.jpg,S352-02-t10_01.jpg,0.191074948,TRUE,0.134769116,FALSE,0.603779567,FALSE,0.512563894,TRUE,,,,
S352-03-t10_01.jpg,S352-04-t10_01.jpg,0.235262871,TRUE,0.464294803,FALSE,0.860369116,FALSE,0.925438627,FALSE,,,,
S353-01-t10_01.jpg,S353-02-t10_01.jpg,0.055095073,TRUE,0.143791145,FALSE,0.530328686,FALSE,0.016726338,TRUE,,,,
S353-03-t10_01.jpg,S353-04-t10_01.jpg,0.171193035,TRUE,0.413473644,FALSE,0.529679516,FALSE,0.018070376,TRUE,,,,
S353-05-t10_01.jpg,S353-06-t10_01.jpg,0.256974497,TRUE,0.714414638,FALSE,0.465726993,FALSE,0.011530161,TRUE,,,,
S353-07-t10_01.jpg,S353-08-t10_01.jpg,0.057842417,TRUE,0.122036883,FALSE,0.285577087,TRUE,0.007713812,TRUE,,,,
S354-01-t10_01.jpg,S354-02-t10_01.jpg,0.467903839,FALSE,0.644549694,FALSE,0.901397559,FALSE,0.837393365,FALSE,,,,
S354-03-t10_01.jpg,S354-04-t10_01.jpg,0.328984703,TRUE,0.490214588,FALSE,0.792096492,FALSE,0.958807658,FALSE,,,,
S355-01-t10_01.jpg,S355-02-t10_01.jpg,0.291360732,TRUE,0.149737726,FALSE,0.77008059,FALSE,0.814154401,FALSE,,,,
S357-01-t10_01.jpg,S357-02-t10_01.jpg,0.289464262,TRUE,0.286400241,FALSE,0.266771059,TRUE,0.360481285,TRUE,,,,
S364-01-t10_01.jpg,S364-02-t10_01.jpg,0.12334725,TRUE,0.426972168,FALSE,0.691325603,FALSE,0.882561531,FALSE,,,,
S367-01-t10_01.jpg,S367-02-t10_01.jpg,0.356606653,TRUE,0.572217388,FALSE,0.705395654,FALSE,0.816055371,FALSE,,,,
S373-01-t10_01.jpg,S373-02-t10_01.jpg,0.393087442,TRUE,0.339885691,FALSE,0.768123669,FALSE,0.895929991,FALSE,,,,
S373-03-t10_01.jpg,S373-04-t10_01.jpg,0.249385796,TRUE,0.405259196,FALSE,0.603291884,FALSE,0.878390242,FALSE,,,,
S373-05-t10_01.jpg,S373-06-t10_01.jpg,0.194494461,TRUE,0.397593567,FALSE,0.145488482,TRUE,0.008486189,TRUE,,,,
S375-01-t10_01.jpg,S375-02-t10_01.jpg,0.155159593,TRUE,0.142721575,FALSE,0.204560391,TRUE,0.021892632,TRUE,,,,
S376-01-t10_01.jpg,S376-02-t10_01.jpg,0.324069959,TRUE,0.278737772,FALSE,0.503072692,FALSE,0.609659199,TRUE,,,,
S380-01-t10_01.jpg,S380-02-t10_01.jpg,0.275086823,TRUE,0.550095041,FALSE,0.44287112,FALSE,0.011890431,TRUE,,,,
S380-03-t10_01.jpg,S380-04-t10_01.jpg,0.184052901,TRUE,0.637369625,FALSE,0.647364069,FALSE,0.907861371,FALSE,,,,
S380-05-t10_01.jpg,S380-06-t10_01.jpg,0.137533202,TRUE,0.132267942,FALSE,0.179317746,TRUE,0.017847189,TRUE,,,,
S381-01-t10_01.jpg,S381-02-t10_01.jpg,0.17833864,TRUE,0.087396809,TRUE,0.56201558,FALSE,0.014969635,TRUE,,,,
S382-01-t10_01.jpg,S382-02-t10_01.jpg,0.329757949,TRUE,0.219453263,FALSE,0.533052361,FALSE,0.009193898,TRUE,,,,
S382-03-t10_01.jpg,S382-04-t10_01.jpg,0.139075688,TRUE,0.252255578,FALSE,0.470358742,FALSE,0.499338354,TRUE,,,,
S382-05-t10_01.jpg,S382-06-t10_01.jpg,0.431705096,FALSE,0.506164113,FALSE,0.709416783,FALSE,0.851053234,FALSE,,,,
S382-07-t10_01.jpg,S382-08-t10_01.jpg,0.297437279,TRUE,0.20851216,FALSE,0.398643406,TRUE,0.01312587,TRUE,,,,
S382-09-t10_01.jpg,S382-10-t10_01.jpg,0.172126964,TRUE,0.178678843,FALSE,0.481240901,FALSE,0.007814673,TRUE,,,,
S383-01-t10_01.jpg,S383-02-t10_01.jpg,0.354594649,TRUE,0.386809933,FALSE,0.79082672,FALSE,0.896553379,FALSE,,,,
S384-01-t10_01.jpg,S384-02-t10_01.jpg,0.457464231,FALSE,0.326175546,FALSE,0.91695433,FALSE,0.91540017,FALSE,,,,
S385-01-t10_01.jpg,S385-02-t10_01.jpg,0.409627663,FALSE,0.44806621,FALSE,0.394140248,TRUE,0.017820285,TRUE,,,,
S386-01-t10_01.jpg,S386-02-t10_01.jpg,0.135598112,TRUE,0.258502556,FALSE,0.371447169,TRUE,0.441412768,TRUE,,,,
S386-03-t10_01.jpg,S386-04-t10_01.jpg,0.349907189,TRUE,0.476455483,FALSE,0.5046038,FALSE,0.855380498,FALSE,,,,
S386-05-t10_01.jpg,S386-06-t10_01.jpg,0.33067071,TRUE,0.222896012,FALSE,0.291262259,TRUE,0.682604789,FALSE,,,,
S386-07-t10_01.jpg,S386-08-t10_01.jpg,0.210267738,TRUE,0.142636161,FALSE,0.352141763,TRUE,0.434180369,TRUE,,,,
S387-01-t10_01.jpg,S387-02-t10_01.jpg,0.248494952,TRUE,0.069212983,TRUE,0.205185695,TRUE,0.011409796,TRUE,,,,
S388-01-t10_01.jpg,S388-02-t10_01.jpg,0.332518968,TRUE,0.358406893,FALSE,0.823343425,FALSE,0.89966743,FALSE,,,,
S388-03-t10_01.jpg,S388-04-t10_01.jpg,0.161826121,TRUE,0.09027613,TRUE,0.088888802,TRUE,0.007019835,TRUE,,,,
S388-05-t10_01.jpg,S388-06-t10_01.jpg,0.205213143,TRUE,0.309060455,FALSE,0.7287022,FALSE,0.915837181,FALSE,,,,
S388-07-t10_01.jpg,S388-08-t10_01.jpg,0.25639237,TRUE,0.229777996,FALSE,0.084600844,TRUE,0.018703654,TRUE,,,,
S388-09-t10_01.jpg,S388-10-t10_01.jpg,0.10638821,TRUE,0.120997943,FALSE,0.275962518,TRUE,0.014261725,TRUE,,,,
S388-11-t10_01.jpg,S388-12-t10_01.jpg,0.218835543,TRUE,0.367287477,FALSE,0.269587188,TRUE,0.834871128,FALSE,,,,
S388-13-t10_01.jpg,S388-14-t10_01.jpg,0.166266452,TRUE,0.120652805,FALSE,0.441893298,FALSE,0.012569607,TRUE,,,,
S388-15-t10_01.jpg,S388-16-t10_01.jpg,0.179769198,TRUE,0.46139317,FALSE,0.608385407,FALSE,0.880377084,FALSE,,,,
S388-17-t10_01.jpg,S388-18-t10_01.jpg,0.092279629,TRUE,0.490589692,FALSE,0.795943352,FALSE,0.692454051,FALSE,,,,
S389-01-t10_01.jpg,S389-02-t10_01.jpg,0.478017572,FALSE,0.394829206,FALSE,0.217278272,TRUE,0.03045254,TRUE,,,,
S390-01-t10_01.jpg,S390-02-t10_01.jpg,0.133231811,TRUE,0.212040023,FALSE,0.487865586,FALSE,0.010363495,TRUE,,,,
S391-01-t10_01.jpg,S391-02-t10_01.jpg,0.396261105,TRUE,0.321661515,FALSE,0.669164141,FALSE,0.869435915,FALSE,,,,
S392-01-t10_01.jpg,S392-02-t10_01.jpg,0.148503904,TRUE,0.337329923,FALSE,0.394864099,TRUE,0.415328408,TRUE,,,,
S392-03-t10_01.jpg,S392-04-t10_01.jpg,0.184110843,TRUE,0.334230845,FALSE,0.500707829,FALSE,0.316485423,TRUE,,,,
S392-05-t10_01.jpg,S392-06-t10_01.jpg,0.177143196,TRUE,0.231725267,FALSE,0.339979036,TRUE,0.356826487,TRUE,,,,
S392-07-t10_01.jpg,S392-08-t10_01.jpg,0.442447051,FALSE,0.225321428,FALSE,0.631540877,FALSE,0.853496101,FALSE,,,,
S393-01-t10_01.jpg,S393-02-t10_01.jpg,0.230704249,TRUE,0.185393801,FALSE,0.508163949,FALSE,0.007459648,TRUE,,,,
S393-03-t10_01.jpg,S393-04-t10_01.jpg,0.181043226,TRUE,0.520451922,FALSE,0.509623738,FALSE,0.01213854,TRUE,,,,
S394-01-t10_01.jpg,S394-02-t10_01.jpg,0.104419725,TRUE,0.152550504,FALSE,0.20397854,TRUE,0.004794922,TRUE,,,,
S394-03-t10_01.jpg,S394-04-t10_01.jpg,0.459938831,FALSE,0.367001006,FALSE,0.5336714,FALSE,0.866283791,FALSE,,,,
S395-01-t10_01.jpg,S395-02-t10_01.jpg,0.464552506,FALSE,0.771339391,FALSE,0.538149488,FALSE,0.917467244,FALSE,,,,
S396-01-t10_01.jpg,S396-02-t10_01.jpg,0.093730609,TRUE,0.098208181,TRUE,0.118685017,TRUE,0.008630264,TRUE,,,,
S396-03-t10_01.jpg,S396-04-t10_01.jpg,0.382344881,TRUE,0.231584769,FALSE,0.377495169,TRUE,0.016981664,TRUE,,,,
S396-05-t10_01.jpg,S396-06-t10_01.jpg,0.039735106,TRUE,0.26456997,FALSE,0.250086872,TRUE,0.008545764,TRUE,,,,
S396-07-t10_01.jpg,S396-08-t10_01.jpg,0.214301098,TRUE,0.23212229,FALSE,0.050961291,TRUE,0.013948132,TRUE,,,,
S396-09-t10_01.jpg,S396-10-t10_01.jpg,0.182919043,TRUE,0.185677922,FALSE,0.402431821,FALSE,0.006577724,TRUE,,,,
S397-02-t10_01.jpg,S397-02-t10_02.jpg,0.071640396,TRUE,0.194127288,FALSE,0.352143207,TRUE,0.009198955,TRUE,,,,
S397-03-t10_01.jpg,S397-03-t10_02.jpg,0.10936976,TRUE,0.207595837,FALSE,0.138594757,TRUE,0.025156071,TRUE,,,,
S398-01-t10_01.jpg,S398-02-t10_01.jpg,0.066125691,TRUE,0.148852617,FALSE,0.11028681,TRUE,0.006194125,TRUE,,,,
S399-01-t10_01.jpg,S399-02-t10_01.jpg,0.292363755,TRUE,0.506258972,FALSE,0.631039904,FALSE,0.903259895,FALSE,,,,
S399-03-t10_01.jpg,S399-04-t10_01.jpg,0.073590547,TRUE,0.078408984,TRUE,0.134216429,TRUE,0.008148507,TRUE,,,,
S399-05-t10_01.jpg,S399-06-t10_01.jpg,0.269641197,TRUE,0.281989881,FALSE,0.191475527,TRUE,0.012881011,TRUE,,,,
S402-01-t10_01.jpg,S402-02-t10_01.jpg,0.430111284,FALSE,0.401258578,FALSE,0.816216609,FALSE,0.898693205,FALSE,,,,
S403-01-t10_01.jpg,S403-03-t10_01.jpg,0.231507268,TRUE,0.473491398,FALSE,0.676799158,FALSE,0.458631824,TRUE,,,,
S404-01-t10_01.jpg,S404-02-t10_01.jpg,0.237128937,TRUE,0.519190579,FALSE,0.708670482,FALSE,0.872226491,FALSE,,,,
S404-03-t10_01.jpg,S404-04-t10_01.jpg,0.348394301,TRUE,0.189620159,FALSE,0.513682379,FALSE,0.021668201,TRUE,,,,
S404-05-t10_01.jpg,S404-06-t10_01.jpg,0.226679482,TRUE,0.193128847,FALSE,0.709619945,FALSE,0.026573604,TRUE,,,,
S404-07-t10_01.jpg,S404-08-t10_01.jpg,0.158602603,TRUE,0.157945581,FALSE,0.79707105,FALSE,0.07684445,TRUE,,,,
S404-09-t10_01.jpg,S404-10-t10_01.jpg,0.095175046,TRUE,0.144121508,FALSE,0.323240951,TRUE,0.021571224,TRUE,,,,
S404-11-t10_01.jpg,S404-12-t10_01.jpg,0.110062524,TRUE,0.043374859,TRUE,0.341046491,TRUE,0.079234226,TRUE,,,,
S407-01-t10_01.jpg,S407-02-t10_01.jpg,0.368961894,TRUE,0.290273053,FALSE,0.603691578,FALSE,0.023025068,TRUE,,,,
S407-03-t10_01.jpg,S407-03-t10_02.jpg,0.15526999,TRUE,0.275680219,FALSE,0.286346455,TRUE,0.008390982,TRUE,,,,
S409-01-t10_01.jpg,S409-02-t10_01.jpg,0.152568401,TRUE,0.374501408,FALSE,0.461728973,FALSE,0.011722184,TRUE,,,,
S409-03-t10_01.jpg,S409-04-t10_01.jpg,0.157784986,TRUE,0.155421115,FALSE,0.302215402,TRUE,0.019290271,TRUE,,,,
S409-05-t10_01.jpg,S409-06-t10_01.jpg,0.162105647,TRUE,0.114625189,FALSE,0.35810454,TRUE,0.00752089,TRUE,,,,
S409-07-t10_01.jpg,S409-08-t10_01.jpg,0.139625276,TRUE,0.108764417,FALSE,0.382995979,TRUE,0.017026158,TRUE,,,,
S409-09-t10_01.jpg,S409-10-t10_01.jpg,0.172947982,TRUE,0.300029873,FALSE,0.312539942,TRUE,0.012734173,TRUE,,,,
S412-01-t10_01.jpg,S412-02-t10_01.jpg,0.222345004,TRUE,0.187703901,FALSE,0.271010897,TRUE,0.020791842,TRUE,,,,
S413-01-t10_01.jpg,S413-03-t10_01.jpg,0.174700205,TRUE,0.366650717,FALSE,0.705571237,FALSE,0.029634342,TRUE,,,,
S413-04-t10_01.jpg,S413-05-t10_01.jpg,0.258785464,TRUE,0.391662332,FALSE,0.835484251,FALSE,0.89679041,FALSE,,,,
S413-06-t10_01.jpg,S413-07-t10_01.jpg,0.08543385,TRUE,0.125514274,FALSE,0.20951636,TRUE,0.014479229,TRUE,,,,
S413-08-t10_01.jpg,S413-09-t10_01.jpg,0.424279222,FALSE,0.344184702,FALSE,0.79615119,FALSE,0.919659562,FALSE,,,,
S414-01-t10_01.jpg,S414-02-t10_01.jpg,0.202950162,TRUE,0.431057232,FALSE,0.941874991,FALSE,0.890541544,FALSE,,,,
S414-03-t10_01.jpg,S414-04-t10_01.jpg,0.045287856,TRUE,0.218860841,FALSE,0.478302543,FALSE,0.18807739,TRUE,,,,
S414-05-t10_01.jpg,S414-06-t10_01.jpg,0.141567125,TRUE,0.260722321,FALSE,0.103891311,TRUE,0.019998294,TRUE,,,,
S414-07-t10_01.jpg,S414-08-t10_01.jpg,0.084388993,TRUE,0.090779221,TRUE,0.282225344,TRUE,0.008389691,TRUE,,,,
S414-09-t10_01.jpg,S414-10-t10_01.jpg,0.106850886,TRUE,0.134025972,FALSE,0.362915881,TRUE,0.008606751,TRUE,,,,
S416-01-t10_01.jpg,S416-02-t10_01.jpg,0.314973509,TRUE,0.346752587,FALSE,0.758735125,FALSE,0.875160277,FALSE,,,,
S421-01-t10_01.jpg,S421-02-t10_01.jpg,0.316898057,TRUE,0.21479733,FALSE,0.616766821,FALSE,0.899009558,FALSE,,,,
S422-01-t10_01.jpg,S422-02-t10_01.jpg,0.390497512,TRUE,0.275269002,FALSE,0.525146551,FALSE,0.013275522,TRUE,,,,
S422-03-t10_01.jpg,S422-04-t10_01.jpg,0.21935449,TRUE,0.178589609,FALSE,0.661773985,FALSE,0.010879231,TRUE,,,,
S426-01-t10_01.jpg,S426-01-t10_02.jpg,0.268028616,TRUE,0.343495801,FALSE,0.615675115,FALSE,0.017495502,TRUE,,,,
S426-02-t10_01.jpg,S426-02-t10_02.jpg,0.232801392,TRUE,0.536964536,FALSE,0.336713221,TRUE,0.027134922,TRUE,,,,
S429-01-t10_01.jpg,S429-02-t10_01.jpg,0.236973394,TRUE,0.680201955,FALSE,0.769092126,FALSE,0.90213424,FALSE,,,,
S429-03-t10_01.jpg,S429-04-t10_01.jpg,0.135199229,TRUE,0.131025975,FALSE,0.402529458,FALSE,0.015080472,TRUE,,,,
S429-05-t10_01.jpg,S429-06-t10_01.jpg,0.385150635,TRUE,0.526481995,FALSE,0.404016262,FALSE,0.014525101,TRUE,,,,
S429-07-t10_01.jpg,S429-08-t10_01.jpg,0.212142428,TRUE,0.390660323,FALSE,0.378908786,TRUE,0.007427471,TRUE,,,,
S429-09-t10_01.jpg,S429-10-t10_01.jpg,0.481437532,FALSE,0.584638272,FALSE,0.860644487,FALSE,0.927851354,FALSE,,,,
S430-01-t10_01.jpg,S430-02-t10_01.jpg,0.223810085,TRUE,0.201413911,FALSE,0.230476754,TRUE,0.011488408,TRUE,,,,
S430-03-t10_01.jpg,S430-04-t10_01.jpg,0.135014527,TRUE,0.226671549,FALSE,0.25365087,TRUE,0.022651859,TRUE,,,,
S430-05-t10_01.jpg,S430-06-t10_01.jpg,0.105835208,TRUE,0.044024003,TRUE,0.238279797,TRUE,0.0120127,TRUE,,,,
S433-01-t10_01.jpg,S433-02-t10_01.jpg,0.466882894,FALSE,0.741897257,FALSE,0.921180813,FALSE,0.921175892,FALSE,,,,
S433-03-t10_01.jpg,S433-04-t10_01.jpg,0.393970799,TRUE,0.198363193,FALSE,0.598779632,FALSE,0.90222316,FALSE,,,,
S434-01-t10_01.jpg,S434-02-t10_01.jpg,0.387773771,TRUE,0.341219492,FALSE,0.195942429,TRUE,0.019633771,TRUE,,,,
S435-01-t10_01.jpg,S435-02-t10_01.jpg,0.05512072,TRUE,0.138080755,FALSE,0.476713958,FALSE,0.011329259,TRUE,,,,
S436-01-t10_01.jpg,S436-02-t10_01.jpg,0.37019863,TRUE,0.407018227,FALSE,0.478684615,FALSE,0.889099698,FALSE,,,,
S439-06-t10_01.jpg,S439-07-t10_01.jpg,0.19084751,TRUE,0.236768246,FALSE,0.285612595,TRUE,0.013244527,TRUE,,,,
S445-01-t10_01.jpg,S445-02-t10_01.jpg,0.322424748,TRUE,0.361950709,FALSE,0.549509621,FALSE,0.012266863,TRUE,,,,
S447-01-t10_01.jpg,S447-02-t10_01.jpg,0.578267328,FALSE,0.479836764,FALSE,0.561464278,FALSE,0.929698697,FALSE,,,,
S447-03-t10_01.jpg,S447-04-t10_01.jpg,0.158902319,TRUE,0.153659933,FALSE,0.203008278,TRUE,0.013858461,TRUE,,,,
S448-01-t10_01.jpg,S448-02-t10_01.jpg,0.482011742,FALSE,0.261414007,FALSE,0.598856488,FALSE,0.026669817,TRUE,,,,
S449-03-t10_02.jpg,S449-04-t10_01.jpg,0.327828709,TRUE,0.174372734,FALSE,0.530271265,FALSE,0.017183955,TRUE,,,,
S453-01-t10_01.jpg,S453-02-t10_01.jpg,0.186049919,TRUE,0.215285036,FALSE,0.136577014,TRUE,0.012742928,TRUE,,,,
S453-03-t10_01.jpg,S453-04-t10_01.jpg,0.201051779,TRUE,0.268064291,FALSE,0.492131644,FALSE,0.047667241,TRUE,,,,
S453-05-t10_01.jpg,S453-06-t10_01.jpg,0.054176221,TRUE,0.0690297,TRUE,0.310368123,TRUE,0.020081558,TRUE,,,,
S453-07-t10_01.jpg,S453-09-t10_01.jpg,0.138637572,TRUE,0.353095863,FALSE,0.231410996,TRUE,0.761494851,FALSE,,,,
S453-10-t10_01.jpg,S453-11-t10_01.jpg,0.266565254,TRUE,0.743822463,FALSE,0.826689743,FALSE,0.27282949,TRUE,,,,
S453-11-t10_02.jpg,S453-11-t10_03.jpg,0.026565391,TRUE,0.09784645,TRUE,0.054561215,TRUE,0.008023377,TRUE,,,,
S453-12-t10_01.jpg,S453-13-t10_01.jpg,0.181432152,TRUE,0.279288394,FALSE,0.274727587,TRUE,0.009600552,TRUE,,,,
S453-14-t10_01.jpg,S453-15-t10_01.jpg,0.300867144,TRUE,0.153636145,FALSE,0.438280199,FALSE,0.011290135,TRUE,,,,
S454-01-t10_01.jpg,S454-02-t10_01.jpg,0.254453942,TRUE,0.719442237,FALSE,0.693505196,FALSE,0.921765261,FALSE,,,,
S455-01-t10_01.jpg,S455-01-t10_02.jpg,0.170649118,TRUE,0.262007822,FALSE,0.099507736,TRUE,0.018771843,TRUE,,,,
S456-01-t10_01.jpg,S456-02-t10_01.jpg,0.429227643,FALSE,0.499830812,FALSE,0.551416411,FALSE,0.920340651,FALSE,,,,
S457-01-t10_01.jpg,S457-02-t10_01.jpg,0.139207894,TRUE,0.131719864,FALSE,0.26249002,TRUE,0.009008726,TRUE,,,,
S457-03-t10_01.jpg,S457-04-t10_01.jpg,0.13636487,TRUE,0.074200308,TRUE,0.248899657,TRUE,0.006748617,TRUE,,,,
S460-01-t10_01.jpg,S460-02-t10_01.jpg,0.208745129,TRUE,0.238211081,FALSE,0.512762184,FALSE,0.156308944,TRUE,,,,
S461-01-t10_01.jpg,S461-02-t10_01.jpg,0.308159835,TRUE,0.349749279,FALSE,0.1891524,TRUE,0.017317994,TRUE,,,,
S461-03-t10_01.jpg,S461-04-t10_01.jpg,0.116278491,TRUE,0.136545328,FALSE,0.331837728,TRUE,0.069389391,TRUE,,,,
S461-05-t10_01.jpg,S461-06-t10_01.jpg,0.134936397,TRUE,0.276938465,FALSE,0.201475245,TRUE,0.886257403,FALSE,,,,
S461-07-t10_01.jpg,S461-08-t10_01.jpg,0.2524206,TRUE,0.377974572,FALSE,0.360240233,TRUE,0.536754556,TRUE,,,,
S461-09-t10_01.jpg,S461-10-t10_01.jpg,0.217112836,TRUE,0.392287638,FALSE,0.394574219,TRUE,0.018785878,TRUE,,,,
S463-01-t10_01.jpg,S463-02-t10_02.jpg,0.456487342,FALSE,0.502226299,FALSE,0.619462122,FALSE,0.02033843,TRUE,,,,
S464-01-t10_01.jpg,S464-01-t10_02.jpg,0.060061843,TRUE,0.189455916,FALSE,0.182287988,TRUE,0.004788826,TRUE,,,,
S468-01-t10_01.jpg,S468-01-t10_02.jpg,0.339956456,TRUE,0.275234477,FALSE,0.174448277,TRUE,0.015403624,TRUE,,,,
S468-02-t10_01.jpg,S468-02-t10_02.jpg,0.166210326,TRUE,0.127152734,FALSE,0.127976026,TRUE,0.008524625,TRUE,,,,
S469-03-t10_01.jpg,S469-05-t10_01.jpg,0.087129404,TRUE,0.13909883,FALSE,0.322825067,TRUE,0.007041314,TRUE,,,,
S470-01-t10_01.jpg,S470-02-t10_01.jpg,0.174114263,TRUE,0.248444277,FALSE,0.516804673,FALSE,0.019368691,TRUE,,,,
S472-02-t10_01.jpg,S472-03-t10_01.jpg,0.176939439,TRUE,0.408162887,FALSE,0.376066959,TRUE,0.635921275,TRUE,,,,
S474-01-t10_01.jpg,S474-02-t10_01.jpg,0.272072069,TRUE,0.325765032,FALSE,0.330891427,TRUE,0.012529178,TRUE,,,,
S477-01-t10_01.jpg,S477-02-t10_01.jpg,0.19252845,TRUE,0.236916767,FALSE,0.345871993,TRUE,0.010873165,TRUE,,,,
S479-01-t10_01.jpg,S479-02-t10_01.jpg,0.159964046,TRUE,0.229398246,FALSE,0.275785748,TRUE,0.012207019,TRUE,,,,
S480-01-t10_01.jpg,S480-03-t10_01.jpg,0.649504101,FALSE,0.848247675,FALSE,0.883944184,FALSE,0.940844112,FALSE,,,,
S483-01-t10_01.jpg,S483-02-t10_01.jpg,0.445192349,FALSE,0.493215148,FALSE,0.483569608,FALSE,0.034813116,TRUE,,,,
S400-01-t10_01.jpg,S400-02-t10_01.jpg,0.041018537,TRUE,0.208114547,FALSE,0.293621473,TRUE,0.006651362,TRUE,,,,
S401-01-t10_01.jpg,S401-02-t10_01.jpg,0.225290062,TRUE,0.702344687,FALSE,0.294664472,TRUE,0.016816084,TRUE,,,,
S401-03-t10_01.jpg,S401-04-t10_01.jpg,0.25774349,TRUE,0.632573656,FALSE,0.320774246,TRUE,0.015071748,TRUE,,,,
S401-05-t10_01.jpg,S401-06-t10_01.jpg,0.181730663,TRUE,0.129020557,FALSE,0.222307597,TRUE,0.018695294,TRUE,,,,
S401-07-t10_01.jpg,S401-08-t10_01.jpg,0.181734998,TRUE,0.326628744,FALSE,0.303139779,TRUE,0.017256178,TRUE,,,,
S405-01-t10_01.jpg,S405-02-t10_01.jpg,0.270056039,TRUE,0.115497916,FALSE,0.388601575,TRUE,0.491276402,TRUE,,,,
S405-03-t10_01.jpg,S405-04-t10_01.jpg,0.31239562,TRUE,0.853283327,FALSE,0.824546115,FALSE,0.829599946,FALSE,,,,
S405-05-t10_01.jpg,S405-06-t10_01.jpg,0.579191637,FALSE,0.959007916,FALSE,0.446283405,FALSE,0.102458789,TRUE,,,,
S406-01-t10_01.jpg,S406-02-t10_01.jpg,0.372352928,TRUE,0.163144817,FALSE,0.41846806,FALSE,0.012523572,TRUE,,,,
S408-01-t10_01.jpg,S408-02-t10_01.jpg,0.627774247,FALSE,0.665392501,FALSE,0.938995944,FALSE,0.76881876,FALSE,,,,
S411-01-t10_01.jpg,S411-02-t10_01.jpg,0.384458773,TRUE,0.213965732,FALSE,0.615344461,FALSE,0.026930267,TRUE,,,,
S411-03-t10_01.jpg,S411-04-t10_01.jpg,0.271912043,TRUE,0.374429291,FALSE,0.280441263,TRUE,0.022654358,TRUE,,,,
S411-05-t10_01.jpg,S411-06-t10_01.jpg,0.125349702,TRUE,0.129869519,FALSE,0.184326633,TRUE,0.006258914,TRUE,,,,
S411-06-t10_02.jpg,S411-06-t10_03.jpg,0.043200359,TRUE,0.120559902,FALSE,0.042548819,TRUE,0.005538852,TRUE,,,,
S415-01-t10_01.jpg,S415-02-t10_01.jpg,0.208042561,TRUE,0.343675351,FALSE,0.145160406,TRUE,0.018598071,TRUE,,,,
S415-03-t10_01.jpg,S415-04-t10_01.jpg,0.228330215,TRUE,0.068377585,TRUE,0.248709785,TRUE,0.50936362,TRUE,,,,
S415-05-t10_01.jpg,S415-06-t10_01.jpg,0.426975757,FALSE,0.651195908,FALSE,0.703724395,FALSE,0.917615284,FALSE,,,,
S417-01-t10_01.jpg,S417-02-t10_01.jpg,0.195452416,TRUE,0.120967055,FALSE,0.612507,FALSE,0.015141199,TRUE,,,,
S417-03-t10_01.jpg,S417-04-t10_01.jpg,0.153685577,TRUE,0.370026888,FALSE,0.308121944,TRUE,0.305088877,TRUE,,,,
S417-06-t10_01.jpg,S417-07-t10_01.jpg,0.373320856,TRUE,0.500430682,FALSE,0.559221209,FALSE,0.930182936,FALSE,,,,
S418-01-t10_01.jpg,S418-03-t10_01.jpg,0.371854288,TRUE,0.274649424,FALSE,0.52838225,FALSE,0.836880435,FALSE,,,,
S419-01-t10_01.jpg,S419-02-t10_01.jpg,0.209729295,TRUE,0.664815518,FALSE,0.666359113,FALSE,0.936046191,FALSE,,,,
S419-04-t10_01.jpg,S419-05-t10_01.jpg,0.495046298,FALSE,0.490819949,FALSE,0.643422058,FALSE,0.86515417,FALSE,,,,
S419-06-t10_01.jpg,S419-07-t10_01.jpg,0.128375623,TRUE,0.329966923,FALSE,0.16138594,TRUE,0.269355779,TRUE,,,,
S419-08-t10_01.jpg,S419-09-t10_01.jpg,0.184940029,TRUE,0.423580524,FALSE,0.536830439,FALSE,0.541492277,TRUE,,,,
S420-01-t10_01.jpg,S420-02-t10_01.jpg,0.124811109,TRUE,0.229520024,FALSE,0.269805538,TRUE,0.006180229,TRUE,,,,
S420-03-t10_01.jpg,S420-04-t10_01.jpg,0.105112117,TRUE,0.357792197,FALSE,0.247091314,TRUE,0.01692094,TRUE,,,,
S420-05-t10_01.jpg,S420-06-t10_01.jpg,0.057957227,TRUE,0.080697348,TRUE,0.059638565,TRUE,0.005916395,TRUE,,,,
S423-01-t10_01.jpg,S423-02-t10_01.jpg,0.121819576,TRUE,0.326429895,FALSE,0.171692018,TRUE,0.00660681,TRUE,,,,
S423-03-t10_01.jpg,S423-04-t10_01.jpg,0.255185118,TRUE,0.250679931,FALSE,0.421751621,FALSE,0.00846407,TRUE,,,,
S425-01-t10_01.jpg,S425-02-t10_01.jpg,0.429008415,FALSE,0.333038573,FALSE,0.370403641,TRUE,0.975534326,FALSE,,,,
S425-03-t10_01.jpg,S425-04-t10_01.jpg,0.535878198,FALSE,0.218714112,FALSE,0.72422976,FALSE,0.927004002,FALSE,,,,
S425-05-t10_01.jpg,S425-06-t10_01.jpg,0.407102509,FALSE,0.243680931,FALSE,0.675332814,FALSE,0.185043687,TRUE,,,,
S425-07-t10_01.jpg,S425-08-t10_01.jpg,0.150000844,TRUE,0.110622871,FALSE,0.205059756,TRUE,0.00498781,TRUE,,,,
S427-01-t10_01.jpg,S427-02-t10_01.jpg,0.305311429,TRUE,0.365767251,FALSE,0.688963107,FALSE,0.036120184,TRUE,,,,
S427-03-t10_01.jpg,S427-04-t10_01.jpg,0.288059544,TRUE,0.351195407,FALSE,0.550786868,FALSE,0.240167541,TRUE,,,,
S428-01-t10_01.jpg,S428-02-t10_01.jpg,0.114304593,TRUE,0.26735196,FALSE,0.289582529,TRUE,0.008291919,TRUE,,,,
S428-03-t10_01.jpg,S428-04-t10_01.jpg,0.231459615,TRUE,0.248259486,FALSE,0.624234387,FALSE,0.134373944,TRUE,,,,
S428-05-t10_01.jpg,S428-06-t10_01.jpg,0.034925308,TRUE,0.258018042,FALSE,0.269860007,TRUE,0.010590216,TRUE,,,,
S431-01-t10_01.jpg,S431-02-t10_01.jpg,0.598511396,FALSE,0.426197427,FALSE,0.609157929,FALSE,0.949821557,FALSE,,,,
S432-01-t10_01.jpg,S432-02-t10_01.jpg,0.192129218,TRUE,0.208842408,FALSE,0.274028163,TRUE,0.294116814,TRUE,,,,
S439-01-t10_01.jpg,S439-02-t10_01.jpg,0.137272033,TRUE,0.392284654,FALSE,0.331035704,TRUE,0.008247799,TRUE,,,,
S439-03-t10_01.jpg,S439-04-t10_01.jpg,0.114454637,TRUE,0.078953546,TRUE,0.374608409,TRUE,0.011705941,TRUE,,,,
S439-05-t10_01.jpg,S439-08-t10_01.jpg,0.578981595,FALSE,0.351724594,FALSE,0.828999123,FALSE,0.938495544,FALSE,,,,
S439-08-t10_02.jpg,S439-08-t10_03.jpg,0.029004718,TRUE,0.108419411,FALSE,0.074692568,TRUE,0.004412712,TRUE,,,,
S440-01-t10_01.jpg,S440-02-t10_01.jpg,0.178487019,TRUE,0.346796278,FALSE,0.217104676,TRUE,0.014255433,TRUE,,,,
S440-03-t10_01.jpg,S440-04-t10_01.jpg,0.119236022,TRUE,0.464309758,FALSE,0.416448566,FALSE,0.008664163,TRUE,,,,
S442-01-t10_01.jpg,S442-02-t10_01.jpg,0.189775765,TRUE,0.271922236,FALSE,0.290914323,TRUE,0.011374039,TRUE,,,,
S443-01-t10_01.jpg,S443-02-t10_01.jpg,0.457412223,FALSE,0.262418327,FALSE,0.444241256,FALSE,0.873203749,FALSE,,,,
S443-03-t10_01.jpg,S443-04-t10_01.jpg,0.63279441,FALSE,0.558162808,FALSE,0.820167676,FALSE,0.942936981,FALSE,,,,
S443-05-t10_01.jpg,S443-06-t10_01.jpg,0.38755556,TRUE,0.57354635,FALSE,0.580155177,FALSE,0.70731485,FALSE,,,,
S446-01-t10_01.jpg,S446-02-t10_01.jpg,0.11953972,TRUE,0.169748047,FALSE,0.14070338,TRUE,0.02308954,TRUE,,,,
S449-01-t10_01.jpg,S449-02-t10_01.jpg,0.222655378,TRUE,0.201596475,FALSE,0.488593949,FALSE,0.015104035,TRUE,,,,
S449-03-t10_01.jpg,S449-03-t10_03.jpg,0.316549042,TRUE,0.417445182,FALSE,0.629845454,FALSE,0.020534313,TRUE,,,,
S449-05-t10_01.jpg,S449-06-t10_01.jpg,0.367790648,TRUE,0.303931789,FALSE,0.48415136,FALSE,0.012027159,TRUE,,,,
S450-01-t10_01.jpg,S450-02-t10_01.jpg,0.462630715,FALSE,0.327175391,FALSE,0.784330589,FALSE,0.555083006,TRUE,,,,
S450-03-t10_01.jpg,S450-04-t10_01.jpg,0.118004761,TRUE,0.110145316,FALSE,0.279442853,TRUE,0.01425324,TRUE,,,,
S450-05-t10_01.jpg,S450-06-t10_01.jpg,0.13441816,TRUE,0.104570095,FALSE,0.534571935,FALSE,0.012001018,TRUE,,,,
S450-07-t10_01.jpg,S450-08-t10_01.jpg,0.184396858,TRUE,0.309381156,FALSE,0.645251861,FALSE,0.043967419,TRUE,,,,
S450-09-t10_01.jpg,S450-10-t10_01.jpg,0.165826498,TRUE,0.259001594,FALSE,0.383036106,TRUE,0.005630746,TRUE,,,,
S451-01-t10_01.jpg,S451-02-t10_01.jpg,0.297318402,TRUE,0.516824974,FALSE,0.725566173,FALSE,0.911806517,FALSE,,,,
S452-01-t10_01.jpg,S452-02-t10_01.jpg,0.21127107,TRUE,0.081291075,TRUE,0.153348319,TRUE,0.008728446,TRUE,,,,
S452-02-t10_02.jpg,S452-02-t10_03.jpg,0.032778199,TRUE,0.104401179,FALSE,0.026927534,TRUE,0.005397179,TRUE,,,,
S452-03-t10_01.jpg,S452-03-t10_02.jpg,0.624588286,FALSE,0.474472741,FALSE,0.813558234,FALSE,0.022627993,TRUE,,,,
S463-01-t10_02.jpg,S463-02-t10_01.jpg,0.147524035,TRUE,0.295082538,FALSE,0.526273923,FALSE,0.010723752,TRUE,,,,
S465-01-t10_01.jpg,S465-02-t10_01.jpg,0.109429285,TRUE,0.311888259,FALSE,0.139322549,TRUE,0.01056391,TRUE,,,,
S466-01-t10_01.jpg,S466-02-t10_01.jpg,0.216848847,TRUE,0.256856323,FALSE,0.272171193,TRUE,0.009508707,TRUE,,,,
S466-03-t10_01.jpg,S466-04-t10_01.jpg,0.153088376,TRUE,0.155849001,FALSE,0.459588258,FALSE,0.019835852,TRUE,,,,
S466-05-t10_01.jpg,S466-06-t10_01.jpg,0.059426835,TRUE,0.51471003,FALSE,0.382385378,TRUE,0.010373764,TRUE,,,,
S467-01-t10_01.jpg,S467-02-t10_01.jpg,0.128633275,TRUE,0.238838788,FALSE,0.328196537,TRUE,0.017545318,TRUE,,,,
S469-01-t10_01.jpg,S469-02-t10_01.jpg,0.17949258,TRUE,0.523980548,FALSE,0.237870545,TRUE,0.29693428,TRUE,,,,
S471-01-t10_01.jpg,S471-02-t10_01.jpg,0.221676307,TRUE,0.210018081,FALSE,0.728059948,FALSE,0.234073208,TRUE,,,,
S471-03-t10_01.jpg,S471-04-t10_01.jpg,0.372202261,TRUE,0.593001613,FALSE,0.387198733,TRUE,0.019573528,TRUE,,,,
S471-05-t10_01.jpg,S471-06-t10_01.jpg,0.412305661,FALSE,0.391366371,FALSE,0.825311503,FALSE,0.966420986,FALSE,,,,
S473-01-t10_01.jpg,S473-02-t10_01.jpg,0.154671781,TRUE,0.120815335,FALSE,0.168858362,TRUE,0.013099152,TRUE,,,,
S473-03-t10_01.jpg,S473-04-t10_01.jpg,0.147109681,TRUE,0.290175854,FALSE,0.655292762,FALSE,0.835534018,FALSE,,,,
S475-01-t10_01.jpg,S475-01-t10_02.jpg,0.536579462,FALSE,0.557250183,FALSE,0.789863799,FALSE,0.779632473,FALSE,,,,
S475-01-t10_03.jpg,S475-02-t10_01.jpg,0.498946744,FALSE,0.506631927,FALSE,0.573854792,FALSE,0.054069999,TRUE,,,,
S476-01-t10_01.jpg,S476-02-t10_01.jpg,0.300114737,TRUE,0.376392773,FALSE,0.362309846,TRUE,0.770406762,FALSE,,,,
S478-01-t10_01.jpg,S478-02-t10_01.jpg,0.381228593,TRUE,0.395512924,FALSE,0.524149619,FALSE,0.022475917,TRUE,,,,
S481-01-t10_01.jpg,S481-02-t10_01.jpg,0.029630113,TRUE,0.091581779,TRUE,0.416740901,FALSE,0.012868399,TRUE,,,,
S481-02-t10_02.jpg,S481-02-t10_03.jpg,0.018335501,TRUE,0.173535892,FALSE,0.201116884,TRUE,0.010421166,TRUE,,,,
S482-01-t10_01.jpg,S482-02-t10_01.jpg,0.159502079,TRUE,0.219122442,FALSE,0.404299817,FALSE,0.017944396,TRUE,,,,
S500-01-t10_01.jpg,S500-01-t10_03.jpg,0.130671843,TRUE,0.086070861,TRUE,0.328633474,TRUE,0.01062453,TRUE,,,,
S502-01-t10_01.jpg,S502-01-t10_02.jpg,0.290041892,TRUE,0.349524988,FALSE,0.428485013,FALSE,0.013446826,TRUE,,,,
S518-01-t10_01.jpg,S518-01-t10_02.jpg,0.297784662,TRUE,0.192884913,FALSE,0.266823728,TRUE,0.014138503,TRUE,,,,
S483-02-t10_02.jpg,S483-02-t10_03.jpg,0.083468141,TRUE,0.199738282,FALSE,0.114287583,TRUE,0.011588854,TRUE,,,,
S483-03-t10_01.jpg,S483-04-t10_01.jpg,0.249215225,TRUE,0.827897663,FALSE,0.502417415,FALSE,0.865810851,FALSE,,,,
S483-04-t10_02.jpg,S483-04-t10_03.jpg,0.176354615,TRUE,0.370545609,FALSE,0.284129108,TRUE,0.008820596,TRUE,,,,
S484-01-t10_01.jpg,S484-02-t10_01.jpg,0.289282543,TRUE,0.634617285,FALSE,0.330864784,TRUE,0.392849595,TRUE,,,,
S485-01-t10_01.jpg,S485-02-t10_01.jpg,0.041161013,TRUE,0.131235179,FALSE,0.235632342,TRUE,0.0177873,TRUE,,,,
S486-01-t10_01.jpg,S486-02-t10_01.jpg,0.192896397,TRUE,0.106929247,FALSE,0.103849691,TRUE,0.028557336,TRUE,,,,
S486-03-t10_01.jpg,S486-04-t10_01.jpg,0.172147144,TRUE,0.195592742,FALSE,0.090878825,TRUE,0.008303322,TRUE,,,,
S487-01-t10_01.jpg,S487-01-t10_02.jpg,0.257317353,TRUE,0.131457839,FALSE,0.176674409,TRUE,0.008729129,TRUE,,,,
S487-02-t10_01.jpg,S487-02-t10_02.jpg,0.355749091,TRUE,0.247473471,FALSE,0.26097561,TRUE,0.006156293,TRUE,,,,
S489-01-t10_01.jpg,S489-02-t10_01.jpg,0.09003315,TRUE,0.033976124,TRUE,0.054856669,TRUE,0.00311983,TRUE,,,,
S490-01-t10_01.jpg,S490-01-t10_02.jpg,0.050634922,TRUE,0.205414998,FALSE,0.047105542,TRUE,0.004357054,TRUE,,,,
S491-01-t10_01.jpg,S491-02-t10_01.jpg,0.186021536,TRUE,0.087765741,TRUE,0.565048041,FALSE,0.022411314,TRUE,,,,
S492-01-t10_01.jpg,S492-02-t10_01.jpg,0.124175203,TRUE,0.242250631,FALSE,0.171984589,TRUE,0.017839747,TRUE,,,,
S493-01-t10_01.jpg,S493-02-t10_01.jpg,0.142175904,TRUE,0.376793057,FALSE,0.326192458,TRUE,0.011894965,TRUE,,,,
S494-01-t10_01.jpg,S494-01-t10_02.jpg,0.162478393,TRUE,0.173562735,FALSE,0.268409212,TRUE,0.007638584,TRUE,,,,
S494-01-t10_03.jpg,S494-02-t10_01.jpg,0.112113347,TRUE,0.212719469,FALSE,0.239217548,TRUE,0.008599477,TRUE,,,,
S494-02-t10_02.jpg,S494-02-t10_03.jpg,0.037615811,TRUE,0.124393386,FALSE,0.052823304,TRUE,0.010394519,TRUE,,,,
S495-01-t10_01.jpg,S495-02-t10_01.jpg,0.48075789,FALSE,0.36890143,FALSE,0.851684648,FALSE,0.877115158,FALSE,,,,
S495-02-t10_02.jpg,S495-02-t10_03.jpg,0.023980533,TRUE,0.133309782,FALSE,0.273139315,TRUE,0.005529792,TRUE,,,,
S496-01-t10_01.jpg,S496-02-t10_01.jpg,0.118645065,TRUE,0.291975026,FALSE,0.241388093,TRUE,0.018378026,TRUE,,,,
S497-01-t10_01.jpg,S497-02-t10_01.jpg,0.563810875,FALSE,0.330245585,FALSE,0.650680032,FALSE,0.229930144,TRUE,,,,
S497-03-t10_01.jpg,S497-04-t10_01.jpg,0.072541309,TRUE,0.350084875,FALSE,0.473627059,FALSE,0.052775305,TRUE,,,,
S498-01-t10_01.jpg,S498-02-t10_01.jpg,0.149972343,TRUE,0.450754639,FALSE,0.121349733,TRUE,0.009438044,TRUE,,,,
S499-01-t10_01.jpg,S499-02-t10_01.jpg,0.324920363,TRUE,0.414289252,FALSE,0.090672111,TRUE,0.011142842,TRUE,,,,
S499-03-t10_01.jpg,S499-04-t10_01.jpg,0.214068183,TRUE,0.450496214,FALSE,0.102002121,TRUE,0.010960505,TRUE,,,,
S499-05-t10_01.jpg,S499-06-t10_01.jpg,0.177290847,TRUE,0.437821293,FALSE,0.190529718,TRUE,0.017847572,TRUE,,,,
S500-01-t10_02.jpg,S500-02-t10_01.jpg,0.269402026,TRUE,0.054783861,TRUE,0.198606065,TRUE,0.028563922,TRUE,,,,
S501-01-t10_01.jpg,S501-02-t10_01.jpg,0.107343136,TRUE,0.249019642,FALSE,0.489792356,FALSE,0.019144407,TRUE,,,,
S501-03-t10_01.jpg,S501-04-t10_01.jpg,0.212836365,TRUE,0.327703857,FALSE,0.146094656,TRUE,0.01965355,TRUE,,,,
S501-05-t10_01.jpg,S501-06-t10_01.jpg,0.133329207,TRUE,0.242774077,FALSE,0.217558038,TRUE,0.0152204,TRUE,,,,
S502-02-t10_01.jpg,S502-02-t10_02.jpg,0.343544931,TRUE,0.316412256,FALSE,0.173387449,TRUE,0.017620734,TRUE,,,,
S503-01-t10_01.jpg,S503-02-t10_01.jpg,0.208898949,TRUE,0.240185601,FALSE,0.201133895,TRUE,0.049213122,TRUE,,,,
S504-01-t10_01.jpg,S504-02-t10_01.jpg,0.120588245,TRUE,0.049212589,TRUE,0.151021415,TRUE,0.007549187,TRUE,,,,
S505-01-t10_01.jpg,S505-02-t10_01.jpg,0.324330508,TRUE,0.601105099,FALSE,0.785988578,FALSE,0.443407991,TRUE,,,,
S506-01-t10_01.jpg,S506-01-t10_02.jpg,0.631187115,FALSE,0.578461379,FALSE,0.989017957,FALSE,0.935582993,FALSE,,,,
S506-02-t10_01.jpg,S506-02-t10_02.jpg,0.614129944,FALSE,0.640163399,FALSE,0.954444857,FALSE,0.852902434,FALSE,,,,
S506-03-t10_01.jpg,S506-03-t10_02.jpg,0.514790464,FALSE,0.740060788,FALSE,0.894473734,FALSE,0.923016416,FALSE,,,,
S507-01-t10_01.jpg,S507-02-t10_01.jpg,0.187652145,TRUE,0.221506204,FALSE,0.624841828,FALSE,0.013512686,TRUE,,,,
S507-03-t10_01.jpg,S507-04-t10_01.jpg,0.267060527,TRUE,0.079751655,TRUE,0.485994232,FALSE,0.015336218,TRUE,,,,
S508-01-t10_01.jpg,S508-02-t10_01.jpg,0.499248688,FALSE,0.366229198,FALSE,0.772763883,FALSE,0.443429097,TRUE,,,,
S509-01-t10_01.jpg,S509-01-t10_02.jpg,0.141856822,TRUE,0.192727284,FALSE,0.163315342,TRUE,0.011086537,TRUE,,,,
S510-01-t10_01.jpg,S510-02-t10_01.jpg,0.122511779,TRUE,0.113902826,FALSE,0.113673,TRUE,0.010819844,TRUE,,,,
S510-03-t10_01.jpg,S510-04-t10_01.jpg,0.082178062,TRUE,0.209555812,FALSE,0.354159798,TRUE,0.014228585,TRUE,,,,
S511-01-t10_01.jpg,S511-01-t10_02.jpg,0.133752113,TRUE,0.518324001,FALSE,0.132027236,TRUE,0.016032519,TRUE,,,,
S512-01-t10_01.jpg,S512-02-t10_01.jpg,0.130423009,TRUE,0.148695526,FALSE,0.164299014,TRUE,0.006212382,TRUE,,,,
S513-01-t10_01.jpg,S513-02-t10_01.jpg,0.292424,TRUE,0.357716992,FALSE,0.638270416,FALSE,0.02390673,TRUE,,,,
S514-01-t10_01.jpg,S514-01-t10_02.jpg,0.023275859,TRUE,0.135407874,FALSE,0.152932881,TRUE,0.009842613,TRUE,,,,
S516-01-t10_01.jpg,S516-02-t10_01.jpg,0.38946621,TRUE,0.150438597,FALSE,0.471757478,FALSE,0.657080191,TRUE,,,,
