Image1,Image2,VGG-Face,OpenFace,Facenet,ArcFace
S001-01-t10_01.jpg,S001-02-t10_01.jpg,0.22648619078542487,0.1775246865579465,0.31359190036748874,0.3979822534610842
S001-03-t10_01.jpg,S001-04-t10_01.jpg,0.5794640864934686,0.8252239675340796,0.8313985979737779,0.9044113202741287
S001-05-t10_01.jpg,S001-06-t10_01.jpg,0.5481014074266943,0.3360319517778094,0.7863723107814526,0.9102326429988267
S001-07-t10_01.jpg,S001-08-t10_01.jpg,0.3013026897733587,0.6225525651599338,0.8035512167834133,0.8972938619494267
S001-08-t10_02.jpg,S001-08-t10_03.jpg,0.07932709652689263,0.45880325386441034,0.24531358154601723,0.007812964671238931
S006-01-t10_01.jpg,S006-02-t10_01.jpg,0.08492037351732695,0.10174595014288346,0.07285828959241092,0.0036977425414636
S008-01-t10_01.jpg,S008-02-t10_01.jpg,0.0903574625754181,0.16215151858720356,0.2234156452196081,0.25371192583568425
S008-03-t10_01.jpg,S008-04-t10_01.jpg,0.4089780283288882,0.43254622132739606,0.4957066735872112,0.6916932900647426
S008-05-t10_01.jpg,S008-06-t10_01.jpg,0.19577461518456962,0.3650956652901993,0.44564488832907,0.023386650938853615
S013-01-t10_01.jpg,S013-02-t10_01.jpg,0.3255859036026296,0.14817732867966338,0.5195302539406108,0.31458111287776525
S015-01-t10_01.jpg,S015-02-t10_01.jpg,0.1744916899039881,0.30563772052037663,0.7138362888822393,0.83677969468717
S022-01-t10_01.jpg,S022-02-t10_01.jpg,0.24527120185636753,0.5141279057456952,0.08651760894455107,0.011081136572567596
S023-01-t10_01.jpg,S023-02-t10_01.jpg,0.05815311831339187,0.34730254389362136,0.1657389824648996,0.02629366347595008
S023-03-t10_01.jpg,S023-04-t10_01.jpg,0.2842888274442249,0.292377675157796,0.9320465303723857,0.9706439270365074
S027-01-t10_01.jpg,S027-01-t10_02.jpg,0.02406821245230384,0.039848325069999246,0.5253543935034135,0.007231798423556146
S029-01-t10_01.jpg,S029-02-t10_01.jpg,0.5782280513708467,0.552481422046466,0.7970745110746276,0.8860771651863688
S030-01-t10_01.jpg,S030-02-t10_01.jpg,0.21023837292656378,0.25373448857191694,0.3319072900831028,0.014721978563137728
S030-03-t10_01.jpg,S030-04-t10_01.jpg,0.129244083523677,0.07422487970287339,0.31049993695438793,0.014967776655617993
S031-01-t10_01.jpg,S031-02-t10_01.jpg,0.11873714558771464,0.5763496886188774,0.1485993759031382,0.00761268878325394
S031-03-t10_01.jpg,S031-04-t10_01.jpg,0.18821609600745504,0.13058205984205506,0.3218741049951698,0.01297439896989716
S031-05-t10_01.jpg,S031-06-t10_01.jpg,0.16687687088213865,0.23369039243481338,0.362961381486298,0.010415579761178573
S032-01-t10_01.jpg,S032-02-t10_01.jpg,0.4134897556755832,0.5631220219720778,0.9324537832427956,0.9650977203466562
S033-01-t10_01.jpg,S033-02-t10_01.jpg,0.1654728557563271,0.2515847802659661,0.24884009385321282,0.0232615518065159
S033-03-t10_01.jpg,S033-04-t10_01.jpg,0.2969072619518912,0.33877592208317187,0.5253999739571091,0.8556649358348548
S033-05-t10_01.jpg,S033-06-t10_01.jpg,0.23923196495908505,0.2659006526360287,0.4462670910472526,0.02131997994209156
S036-01-t10_01.jpg,S036-02-t10_01.jpg,0.20203704334730743,0.41089055815748377,0.24278024614520777,0.89178971897191
S044-01-t10_01.jpg,S044-02-t10_01.jpg,0.1710455195618087,0.24193984857023543,0.2994925182809832,0.0057327098044147595
S044-03-t10_01.jpg,S044-04-t10_01.jpg,0.5404679216433677,0.6833196768524421,0.8480670603832252,0.9282958546640097
S044-05-t10_01.jpg,S044-06-t10_01.jpg,0.3818395735289931,0.616565053226558,0.5703565761529867,0.5252731814047447
S044-07-t10_01.jpg,S044-08-t10_01.jpg,0.19175249991701104,0.10207077316656676,0.16275044662518412,0.006225372256038253
S045-01-t10_01.jpg,S045-01-t10_02.jpg,0.2313411226199512,0.13925342060287416,0.2381734137840229,0.008176371874222155
S046-01-t10_01.jpg,S046-02-t10_01.jpg,0.26222858545757344,0.3302558729383396,0.33429966508708475,0.8560868599812429
S048-01-t10_01.jpg,S048-02-t10_01.jpg,0.0849053821030542,0.16585824969298935,0.3431966654999007,0.3576665997345959
S048-03-t10_01.jpg,S048-04-t10_01.jpg,0.13243342620833976,0.23157134715764915,0.5853904734720428,0.08667932558304237
S048-05-t10_01.jpg,S048-06-t10_01.jpg,0.3013478974228816,0.5370730348508632,1.0292378787760863,1.0227404150469457
S051-01-t10_01.jpg,S051-02-t10_01.jpg,0.42832375754528873,0.31061098967180545,0.8502898960493265,0.9362665309105037
S052-01-t10_01.jpg,S052-02-t10_01.jpg,0.2768787532260567,0.3287909709032333,0.653151145562816,0.7369473868585162
S054-01-t10_01.jpg,S054-02-t10_01.jpg,0.24078893939664126,0.30758456226378383,0.5685049720274746,0.5403905578483856
S058-01-t10_01.jpg,S058-02-t10_01.jpg,0.20669321633370197,0.26771759734758505,0.19858461112836878,0.4505026344314216
S059-01-t10_01.jpg,S059-01-t10_02.jpg,0.5344383730355652,0.2298507197315931,0.48239827875874786,0.03468940578098223
S064-01-t10_01.jpg,S064-02-t10_01.jpg,0.17151216195947927,0.2418472525951768,0.28728947233017166,0.02332273919293215
S065-01-t10_01.jpg,S065-02-t10_01.jpg,0.25787643869882015,0.2953266191767704,0.5841433015058215,0.030291442061415874
S068-01-t10_01.jpg,S068-02-t10_01.jpg,0.22004330322369203,0.28893703606405075,0.7186101499968449,0.8378835611168471
S068-03-t10_01.jpg,S068-04-t10_01.jpg,0.37605584090157673,0.38119409727572395,0.7677287317822958,0.8008978783301255
S068-05-t10_01.jpg,S068-06-t10_01.jpg,0.36650917150391027,0.4453366016060982,0.5264072511272404,0.4547024763191947
S069-01-t10_01.jpg,S069-02-t10_01.jpg,0.0883809301769305,0.1991766139267287,0.13785847236192617,0.019528407122605618
S073-01-t10_01.jpg,S073-01-t10_02.jpg,0.3103220665835953,0.3805626082204393,0.39144068298983403,0.050588462995915906
S076-01-t10_01.jpg,S076-02-t10_01.jpg,0.1659846834356058,0.18987254013307142,0.20195186073192062,0.008447071024422104
S078-01-t10_01.jpg,S078-02-t10_01.jpg,0.6199241332511551,0.39443445126403476,0.7958525791267133,0.27905595205021116
S078-02-t10_02.jpg,S078-03-t10_01.jpg,0.18950679267935666,0.3360487113370316,0.8571019039286438,0.02365304181949035
S085-01-t10_01.jpg,S085-01-t10_02.jpg,0.08996172100932476,0.06302734750669081,0.16918174020964738,0.006885672887224414
S088-01-t10_01.jpg,S088-02-t10_01.jpg,0.45909693449767897,0.2908227547875979,0.8018725158156043,0.08994291778326213
S093-01-t10_01.jpg,S093-02-t10_01.jpg,0.3903052822520727,0.38499298426444195,0.8688998128206302,0.9569450639196198
S095-01-t10_01.jpg,S095-02-t10_01.jpg,0.19121672924014965,0.16884127402678795,0.20654722392725156,0.00715110306854605
S096-01-t10_01.jpg,S096-02-t10_01.jpg,0.2957916000745735,0.39748688930565057,0.47140957779401527,0.8614106332863017
S098-01-t10_01.jpg,S098-02-t10_01.jpg,0.15903301429896866,0.1281998330101779,0.08246750079134846,0.008483191278480184
S099-01-t10_01.jpg,S099-02-t10_01.jpg,0.33692944893403654,0.22966570955853127,0.6914653624221105,0.02946206061855261
S101-01-t10_01.jpg,S101-02-t10_01.jpg,0.20385974757881653,0.21350807762744417,0.38742652565054225,0.02212948930516867
S108-01-t10_01.jpg,S108-02-t10_01.jpg,0.5185131263932832,0.6371081040409718,0.6906415861634033,0.9079059863222493
S108-03-t10_01.jpg,S108-04-t10_01.jpg,0.3148964951975237,0.6520251170600821,0.6909803677576578,0.9389726955302601
S111-01-t10_01.jpg,S111-02-t10_01.jpg,0.23618106379950732,0.17022369203421395,0.3995044449433367,0.04949643399396697
S111-03-t10_01.jpg,S111-04-t10_01.jpg,0.2427475543332569,0.41098074454930844,0.5008854194745666,0.6023061568091366
S112-01-t10_01.jpg,S112-02-t10_01.jpg,0.12086617023155433,0.12454243068408921,0.4563988645836219,0.07485599093842477
S117-01-t10_01.jpg,S117-02-t10_01.jpg,0.3755765026246758,0.14203657621136612,0.405424653615322,0.020720863911645848
S118-01-t10_01.jpg,S118-02-t10_01.jpg,0.4686153480900971,0.6358242119034859,0.9577500698999387,0.9784664004837444
S120-01-t10_01.jpg,S120-01-t10_02.jpg,0.16174067913177181,0.1389172466352575,0.17760559381746566,0.012681746062081833
S124-01-t10_01.jpg,S124-02-t10_01.jpg,0.12689615400128063,0.2106667591017397,0.3077958351683443,0.01526225444717444
S130-01-t10_01.jpg,S130-02-t10_01.jpg,0.2435599042637938,0.11997971210669478,0.5628345739471892,0.6216778371949931
S132-01-t10_01.jpg,S132-02-t10_01.jpg,0.27057948017328826,0.23889267009415527,0.6095985404971053,0.06426853114752251
S133-01-t10_01.jpg,S133-02-t10_01.jpg,0.22254945456676611,0.22786309736929355,0.5329334128199409,0.5110235333732571
S134-01-t10_01.jpg,S134-02-t10_01.jpg,0.5756897043899936,0.5377032371739268,0.8027260338891871,0.8316066499706387
S134-03-t10_01.jpg,S134-04-t10_01.jpg,0.27897469576242506,0.4936604973160109,0.2719320739835064,0.011755582792903119
S134-05-t10_01.jpg,S134-06-t10_01.jpg,0.5659191157436008,0.9460259896149795,0.9013691445880978,0.8011807401178807
S134-07-t10_01.jpg,S134-08-t10_01.jpg,0.6676944667317705,0.796105979486379,1.0984596664581876,0.8729059489293824
S138-01-t10_01.jpg,S138-02-t10_01.jpg,0.03498815764791563,0.1280676356729532,0.17558473492604498,0.009068463298768648
S142-01-t10_01.jpg,S142-02-t10_01.jpg,0.1745301095147157,0.34176221599367373,0.4636656199143506,0.9012367855205021
S142-03-t10_01.jpg,S142-04-t10_01.jpg,0.15726565625713795,0.06926929761561607,0.403882424591525,0.015667730177141626
S142-05-t10_01.jpg,S142-06-t10_01.jpg,0.2322469298568529,0.31841032268039415,0.7196454705266607,0.9459317409768296
S145-01-t10_01.jpg,S145-01-t10_02.jpg,0.2319545494135491,0.1489575584409486,0.30168798142225706,0.020892691243104555
S146-01-t10_01.jpg,S146-02-t10_01.jpg,0.1221651081548214,0.30302552953562745,0.39142940703197127,0.011399728822572563
S148-01-t10_01.jpg,S148-02-t10_01.jpg,0.1697185280719996,0.6501583693435353,0.7471729715739712,0.881890008853333
S148-03-t10_01.jpg,S148-04-t10_01.jpg,0.08619879951736398,0.019387640242363613,0.08465963547478939,0.004518208622982689
S150-01-t10_01.jpg,S150-02-t10_01.jpg,0.24151224848506703,0.15858589086503794,0.17818796603582676,0.02896448183177136
S153-01-t10_01.jpg,S153-02-t10_01.jpg,0.2537554239407991,0.15901355092995284,0.4715988383455084,0.531906333705398
S163-01-t10_01.jpg,S163-02-t10_01.jpg,0.23818647787815783,0.21256764964629205,0.6451441499241366,0.13762055058565648
S164-01-t10_01.jpg,S164-02-t10_01.jpg,0.2977479978233317,0.4022138924572928,0.7491933093655352,0.7281132127610737
S166-01-t10_01.jpg,S166-02-t10_01.jpg,0.23766290791070854,0.5046580882183935,0.1072714747365141,0.011170342510948617
S171-01-t10_01.jpg,S171-02-t10_01.jpg,0.18748964682282343,0.25862187841268036,0.34324850685498176,0.013321895101546355
S171-03-t10_01.jpg,S171-04-t10_01.jpg,0.23130910737519517,0.3045820957783061,0.573255698929496,0.7831428763845308
S171-05-t10_01.jpg,S171-06-t10_01.jpg,0.32160573278760085,0.308862010081004,0.7655927253585757,0.8774669327281186
S171-07-t10_01.jpg,S171-08-t10_01.jpg,0.22099340248174104,0.6654926383349669,0.5686638127299926,0.5059957878416721
S173-01-t10_01.jpg,S173-02-t10_01.jpg,0.21049027833016776,0.2462410137647396,0.3397211201131768,0.013947388510924585
S174-01-t10_01.jpg,S174-02-t10_01.jpg,0.4959126555005188,0.5888597074895221,0.6573749007513021,0.823818867276273
S174-03-t10_01.jpg,S174-04-t10_01.jpg,0.43611258206481585,0.47969794971271873,0.5331475917545829,0.012195003161784346
S180-01-t10_01.jpg,S180-01-t10_02.jpg,0.04741793557451168,0.18551587035361283,0.24131427075737188,0.02038272573251665
S182-01-t10_01.jpg,S182-02-t10_01.jpg,0.13709671681126978,0.327316560450133,0.4548085020236843,0.019437898452135394
S185-01-t10_01.jpg,S185-02-t10_01.jpg,0.24157275805193656,0.3758983891727593,0.12196406184364439,0.04506315551629436
S185-03-t10_01.jpg,S185-04-t10_01.jpg,0.4013244888601968,0.3223596557612671,0.6910669683204009,0.746918353017493
S190-01-t10_01.jpg,S190-02-t10_01.jpg,0.45658856697100514,0.39121787808642694,0.6686021217933859,0.7385496166096452
S191-01-t10_01.jpg,S191-02-t10_01.jpg,0.16261904192272703,0.2501375177890244,0.3021442677645687,0.050472103306041904
S193-01-t10_01.jpg,S193-02-t10_01.jpg,0.3289587154367394,0.12252892161493423,0.45389040373177036,0.010242723094846973
S194-01-t10_01.jpg,S194-02-t10_01.jpg,0.19148911614104402,0.5978191277548079,0.6140227842728196,0.3536229644429192
S195-01-t10_01.jpg,S195-02-t10_01.jpg,0.25457818656465103,0.17088159901661126,0.46487926572003857,0.04375473610583547
S195-03-t10_01.jpg,S195-04-t10_01.jpg,0.3097038700341189,0.5471375794198269,0.47638411260228786,0.910637426570028
S198-01-t10_01.jpg,S198-02-t10_01.jpg,0.2799923833546558,0.13232812330769628,0.06753722514113292,0.01392439608768603
S198-03-t10_01.jpg,S198-04-t10_01.jpg,0.13585501264349265,0.363127785452488,0.18683060093165083,0.011362818183283219
S199-01-t10_01.jpg,S199-02-t10_01.jpg,0.20569426215798625,0.4500872322996512,0.7633090143674226,0.9372074875262084
S201-01-t10_01.jpg,S201-02-t10_01.jpg,0.23754728931955138,0.504064683743116,0.6467229179215859,0.9519319829328375
S202-01-t10_01.jpg,S202-02-t10_01.jpg,0.15961180304038758,0.3015452254106594,0.10393318475036317,0.012622668365938838
S202-03-t10_01.jpg,S202-04-t10_01.jpg,0.19925634266551884,0.13470486495859124,0.6433632332954926,0.016507954359532007
S203-01-t10_01.jpg,S203-01-t10_02.jpg,0.08826005258024261,0.26277976491910526,0.13735386026923657,0.006789383806309557
S203-02-t10_01.jpg,S203-03-t10_01.jpg,0.36752733208725763,0.3990740913665095,0.6384981275098335,0.8588304978298736
S206-01-t10_01.jpg,S206-02-t10_01.jpg,0.6365577954733501,0.47070630925997203,0.7833998449821771,0.9703475908727889
S212-01-t10_01.jpg,S212-02-t10_01.jpg,0.18979897902526333,0.16877195911390697,0.26065724267392343,0.011792381721176248
S214-01-t10_01.jpg,S214-02-t10_01.jpg,0.10624895081442953,0.16206214597833968,0.2652230019543309,0.03326668460784743
S215-01-t10_01.jpg,S215-02-t10_01.jpg,0.03415243888397823,0.2113204837689021,0.12157319828552249,0.015966387786971903
S215-03-t10_01.jpg,S215-04-t10_01.jpg,0.1699331184875189,0.2978018910380128,0.28065954651321356,0.809962673713655
S219-01-t10_01.jpg,S219-02-t10_01.jpg,0.31737712313895317,0.691370653330228,0.7532812517186003,0.9105635243786873
S220-01-t10_01.jpg,S220-02-t10_01.jpg,0.3109200078491321,0.4802215072723687,0.7208407942808353,0.9177578216745439
S222-01-t10_01.jpg,S222-02-t10_01.jpg,0.20200128026990716,0.35587731121188126,0.2860335270337212,0.6594953827285461
S223-01-t10_01.jpg,S223-02-t10_01.jpg,0.7442158186247867,0.5615924746489989,0.7872253199524624,0.938353425518882
S225-01-t10_01.jpg,S225-02-t10_01.jpg,0.20319091491758012,0.2598950857258615,0.38010327968464486,0.19766932740207088
S226-01-t10_01.jpg,S226-02-t10_01.jpg,0.057170527273294636,0.1309465708807399,0.2954633053832185,0.2747264455206577
S227-01-t10_01.jpg,S227-02-t10_01.jpg,0.5457064319555346,0.7989300829349407,0.7796832453421554,0.7302421896830917
S228-01-t10_01.jpg,S228-02-t10_01.jpg,0.5053072037340821,0.586323895615352,0.8422251034422527,0.879984736035854
S232-01-t10_01.jpg,S232-02-t10_01.jpg,0.058737740541012884,0.15585698117116897,0.07616828641193008,0.013875263363181234
S236-01-t10_01.jpg,S236-02-t10_01.jpg,0.08965733210344107,0.15862290514282884,0.10536523385349583,0.019468876381751987
S239-01-t10_01.jpg,S239-02-t10_01.jpg,0.34728235526596374,0.8106527564224953,1.0684971754922665,0.9038441447228667
S240-01-t10_01.jpg,S240-02-t10_01.jpg,0.12274657129171207,0.1447860823505427,0.1650018877857925,0.017170546927434138
S243-01-t10_01.jpg,S243-02-t10_01.jpg,0.37083849496527976,0.4945795715155843,0.2697611396532775,0.8400644568594788
S243-03-t10_01.jpg,S243-04-t10_01.jpg,0.06597476198905883,0.06149889814266585,0.09718165356704467,0.013690128808501512
S243-05-t10_01.jpg,S243-06-t10_01.jpg,0.04100463627388273,0.04835561934722443,0.08298316728973909,0.005428467410784954
S243-07-t10_01.jpg,S243-08-t10_01.jpg,0.19836612180094115,0.28410060490729894,0.39075507452983127,0.7852025949889894
S249-01-t10_01.jpg,S249-02-t10_01.jpg,0.3403533719375079,0.31076357551470024,0.8544927817273997,0.8864322062327255
S250-01-t10_01.jpg,S250-02-t10_01.jpg,0.44091498440007026,0.803691016981994,0.8383301155196092,0.5291610555137556
S253-01-t10_01.jpg,S253-02-t10_01.jpg,0.20327875011805563,0.24021234576422223,0.4847050876372726,0.026509945716421845
S253-03-t10_01.jpg,S253-04-t10_01.jpg,0.3142368184261053,0.39302043273109577,0.6259236740280921,0.8606543077655845
S254-01-t10_01.jpg,S254-02-t10_01.jpg,0.25893582868741083,0.521998594738764,0.4520777509584418,0.7251325397013915
S256-01-t10_01.jpg,S256-02-t10_01.jpg,0.26684298892639724,0.48292842175345896,0.4040210843069809,0.010144778032099455
S258-01-t10_01.jpg,S258-02-t10_01.jpg,0.3320858537321062,0.5588048527261367,0.15113419270973727,0.04073093378048809
S259-01-t10_01.jpg,S259-02-t10_01.jpg,0.26525548347718597,0.46659019386822165,0.25722734877193143,0.018458847884643914
S261-01-t10_01.jpg,S261-02-t10_01.jpg,0.2839601960011753,0.3681525009953881,0.36725142845763414,0.01861307897468245
S263-01-t10_01.jpg,S263-01-t10_02.jpg,0.29233286595461216,0.10667055843347883,0.5858981426193677,0.013984952452999355
S270-01-t10_01.jpg,S270-01-t10_02.jpg,0.06171253586445413,0.1067448323862108,0.3466988590309307,0.008192613814412497
S272-01-t10_01.jpg,S272-02-t10_01.jpg,0.5003083531407806,0.3929468318696866,1.0651525085069935,0.995439967310961
S273-01-t10_01.jpg,S273-02-t10_01.jpg,0.07744006212110899,0.09768268443757389,0.2199435064228089,0.06630667998369222
S273-03-t10_01.jpg,S273-04-t10_01.jpg,0.05868407759860572,0.1291715717710753,0.09778359106163359,0.010821876159220145
S280-01-t10_01.jpg,S280-02-t10_01.jpg,0.2609623244651702,0.46433679532900307,0.5260276588229049,0.24796598327363673
S280-03-t10_01.jpg,S280-04-t10_01.jpg,0.17286291502110962,0.30111242996430143,0.7839752345558979,0.7898902775342516
S280-05-t10_01.jpg,S280-06-t10_01.jpg,0.26489777621182886,0.36407583591533277,0.44705076211649886,0.6908695389648463
S280-07-t10_01.jpg,S280-08-t10_01.jpg,0.09997381311206743,0.5295090837274965,0.4955676172004244,0.3534373770536592
S280-09-t10_01.jpg,S280-10-t10_01.jpg,0.10386834151681945,0.12513298247697646,0.23426459527190346,0.4568225644306775
S282-01-t10_01.jpg,S282-02-t10_01.jpg,0.3392887435341475,0.4657202693987218,0.6569589439225105,0.7790009519519417
S283-01-t10_01.jpg,S283-02-t10_01.jpg,0.08395980536616032,0.3197081646629386,0.2415933208576373,0.010678562710100703
S284-01-t10_01.jpg,S284-01-t10_02.jpg,0.5440741844048351,0.6049366668130489,0.8670705136108537,0.9627221275586251
S284-02-t10_01.jpg,S284-02-t10_02.jpg,0.3397145919515634,0.543804906578716,0.18932246828146626,0.007776558767627395
S285-01-t10_01.jpg,S285-01-t10_02.jpg,0.13543393196158493,0.20713380407822057,0.2599954248173473,0.017425622840934074
S288-01-t10_01.jpg,S288-02-t10_01.jpg,0.30039871518279104,0.23981518999720564,0.3956776467490667,0.7469711833389774
S288-03-t10_01.jpg,S288-04-t10_01.jpg,0.3017887526120624,0.7903532769398136,0.48550320005016223,0.9102814376146218
S291-01-t10_01.jpg,S291-02-t10_01.jpg,0.1914174414059373,0.7606800724994253,0.8309417345081694,0.7614818266616543
S295-01-t10_01.jpg,S295-01-t10_02.jpg,0.55126013785017,0.352793691565523,0.724004976327917,0.9417668841684036
S296-01-t10_01.jpg,S296-02-t10_01.jpg,0.37246583113624854,0.1714191932404988,0.3509306120669421,0.013839986170685048
S296-03-t10_01.jpg,S296-04-t10_01.jpg,0.28574074399371807,0.468256074760953,0.5572297606357366,0.859269677911639
S296-05-t10_01.jpg,S296-06-t10_01.jpg,0.24529966835274186,0.414440687892202,0.8490245462822601,0.9529813519044297
S296-07-t10_01.jpg,S296-08-t10_01.jpg,0.23689501421995296,0.6806688254391855,0.7646506703361788,0.9130788093900175
S296-09-t10_01.jpg,S296-10-t10_01.jpg,0.09362568871179677,0.35758485653092886,0.429189546419671,0.012189631933007039
S297-01-t10_01.jpg,S297-02-t10_01.jpg,0.38089622551361846,0.4464626191863976,0.5220200870891747,0.19391045812252594
S300-01-t10_01.jpg,S300-02-t10_01.jpg,0.33940348405226506,0.7587908635982906,0.49140529933303123,0.8140356481465176
S304-01-t10_01.jpg,S304-02-t10_01.jpg,0.21717746223614776,0.37905493680543867,0.1823598590138802,0.025046892518953645
S307-01-t10_01.jpg,S307-01-t10_02.jpg,0.21827595692085033,0.15363611383254294,0.15357857847724565,0.016400771480578613
S309-01-t10_01.jpg,S309-02-t10_01.jpg,0.682858044838643,0.9339375219501616,0.8603811206889878,0.9282325092242092
S309-03-t10_01.jpg,S309-04-t10_01.jpg,0.3964213981089155,0.1786268242542427,0.16944942799529572,0.019909421406694716
S310-01-t10_01.jpg,S310-02-t10_01.jpg,0.32246114753233757,0.45687270664992585,0.6586382982665855,0.934717595307213
S310-03-t10_01.jpg,S310-04-t10_01.jpg,0.1023537447049152,0.2643757202822006,0.4103984341773811,0.014477485698764725
S313-01-t10_01.jpg,S313-02-t10_01.jpg,0.33019379238831503,0.17595215656207364,0.4197538049615511,0.015746424251152025
S315-01-t10_01.jpg,S315-01-t10_02.jpg,0.2579497754438631,0.2665917729909173,0.27078364986839054,0.021200511062438032
S315-02-t10_01.jpg,S315-02-t10_02.jpg,0.2506806088053367,0.3483532075686637,0.23796412803794253,0.010655791994589658
S316-01-t10_01.jpg,S316-02-t10_01.jpg,0.5163961811546882,0.27228996589519916,0.5430735312138537,0.8231709752155134
S316-03-t10_01.jpg,S316-04-t10_01.jpg,0.06458161265825824,0.19396851355231404,0.330478909105426,0.008799241901774169
S316-05-t10_01.jpg,S316-06-t10_01.jpg,0.2410881941940075,0.19489191311785004,0.26500397958987654,0.017033777093331537
S316-07-t10_01.jpg,S316-08-t10_01.jpg,0.07621863385699801,0.16928597069460516,0.19179182682411755,0.013213813909662364
S321-01-t10_01.jpg,S321-02-t10_01.jpg,0.19588936757250408,0.4811214222309588,0.7799716456643986,0.7016841424349956
S321-03-t10_01.jpg,S321-03-t10_02.jpg,0.14451550710984706,0.1972123193046741,0.29466283108590774,0.008954621339664959
S324-01-t10_01.jpg,S324-02-t10_01.jpg,0.1780732154225776,0.10320395975608165,0.23778530308049828,0.07148459951788755
S325-01-t10_01.jpg,S325-01-t10_02.jpg,0.4052056318161822,0.2905957133709056,0.1308468684482904,0.011554637360512654
S331-01-t10_01.jpg,S331-02-t10_01.jpg,0.4150085436299127,0.4807415613106587,0.4069664096937893,0.5008831181112923
S333-01-t10_01.jpg,S333-02-t10_01.jpg,0.27965375058865893,0.49383472252781846,0.9250842802143754,0.9138629297774278
S335-01-t10_01.jpg,S335-02-t10_01.jpg,0.22278432046735142,0.24195231144924256,0.6090621727678909,0.3644855590369076
S336-01-t10_01.jpg,S336-02-t10_01.jpg,0.5219830946786348,0.6913179101418088,0.5409073051807312,0.78890069644813
S341-01-t10_01.jpg,S341-02-t10_01.jpg,0.21308808610312435,0.3170866368627102,0.464265087075898,0.49085905633777405
S346-01-t10_01.jpg,S346-02-t10_01.jpg,0.11060153743627854,0.5610373729474774,0.6024859641621534,0.05642227437256886
S350-01-t10_01.jpg,S350-02-t10_01.jpg,0.3001456396290252,0.5689124728796751,0.7076226662756272,0.03790000575902486
S351-01-t10_01.jpg,S351-02-t10_01.jpg,0.13964882094632536,0.21973565289351438,0.20606153770372004,0.013468760501478494
S352-01-t10_01.jpg,S352-02-t10_01.jpg,0.19107494849357765,0.13476911643061673,0.6037795674155897,0.5125638944966994
S352-03-t10_01.jpg,S352-04-t10_01.jpg,0.23526287055940176,0.4642948034695529,0.8603691160459204,0.9254386270954138
S353-01-t10_01.jpg,S353-02-t10_01.jpg,0.055095072687647795,0.14379114527292003,0.5303286859719784,0.016726337739911945
S353-03-t10_01.jpg,S353-04-t10_01.jpg,0.17119303518314666,0.4134736438649924,0.5296795157597564,0.01807037588878957
S353-05-t10_01.jpg,S353-06-t10_01.jpg,0.2569744973582345,0.7144146380192563,0.46572699328296707,0.011530161193169297
S353-07-t10_01.jpg,S353-08-t10_01.jpg,0.05784241709767979,0.1220368834524006,0.28557708654109604,0.007713812354317673
S354-01-t10_01.jpg,S354-02-t10_01.jpg,0.4679038393129856,0.6445496944255407,0.9013975594206338,0.8373933645190339
S354-03-t10_01.jpg,S354-04-t10_01.jpg,0.32898470340093966,0.4902145877011961,0.7920964919244419,0.9588076580306887
S355-01-t10_01.jpg,S355-02-t10_01.jpg,0.2913607324933072,0.14973772593855483,0.7700805900503775,0.8141544013931719
S357-01-t10_01.jpg,S357-02-t10_01.jpg,0.28946426178910345,0.2864002411557277,0.2667710585404943,0.3604812850762218
S364-01-t10_01.jpg,S364-02-t10_01.jpg,0.12334724980965317,0.4269721684802499,0.6913256032387415,0.8825615307463818
S367-01-t10_01.jpg,S367-02-t10_01.jpg,0.3566066529394266,0.5722173879841443,0.7053956541715407,0.8160553710363964
S373-01-t10_01.jpg,S373-02-t10_01.jpg,0.39308744205588464,0.3398856908140895,0.7681236688080499,0.8959299912379225
S373-03-t10_01.jpg,S373-04-t10_01.jpg,0.24938579585809428,0.4052591961066011,0.6032918844955768,0.8783902422485297
S373-05-t10_01.jpg,S373-06-t10_01.jpg,0.19449446064841114,0.3975935671723767,0.14548848199114006,0.008486188785649107
S375-01-t10_01.jpg,S375-02-t10_01.jpg,0.15515959301907156,0.14272157450632916,0.20456039074630616,0.021892632188573846
S376-01-t10_01.jpg,S376-02-t10_01.jpg,0.32406995935933314,0.27873777160402213,0.5030726921281192,0.6096591990224045
S380-01-t10_01.jpg,S380-02-t10_01.jpg,0.2750868232262147,0.5500950407529337,0.44287112000894646,0.011890431293204218
S380-03-t10_01.jpg,S380-04-t10_01.jpg,0.1840529005493553,0.6373696253740644,0.6473640686495968,0.907861371057903
S380-05-t10_01.jpg,S380-06-t10_01.jpg,0.13753320216476572,0.13226794177029388,0.1793177464834872,0.01784718881912073
S381-01-t10_01.jpg,S381-02-t10_01.jpg,0.17833864022044243,0.08739680876604383,0.5620155799552686,0.014969635059463138
S382-01-t10_01.jpg,S382-02-t10_01.jpg,0.329757948742714,0.2194532633791979,0.5330523614297726,0.009193898041859216
S382-03-t10_01.jpg,S382-04-t10_01.jpg,0.13907568832424533,0.2522555784913464,0.47035874192508076,0.49933835414214356
S382-05-t10_01.jpg,S382-06-t10_01.jpg,0.43170509597735607,0.5061641129116892,0.7094167832592186,0.851053234091945
S382-07-t10_01.jpg,S382-08-t10_01.jpg,0.29743727861536284,0.20851216044142196,0.3986434064022709,0.013125869925704636
S382-09-t10_01.jpg,S382-10-t10_01.jpg,0.1721269639223323,0.17867884264626444,0.48124090055240953,0.007814673035768438
S383-01-t10_01.jpg,S383-02-t10_01.jpg,0.35459464907140015,0.38680993349522574,0.7908267200656671,0.8965533794322049
S384-01-t10_01.jpg,S384-02-t10_01.jpg,0.45746423087291965,0.3261755456943265,0.9169543298778564,0.9154001700850988
S385-01-t10_01.jpg,S385-02-t10_01.jpg,0.4096276629661474,0.44806620979445955,0.39414024809030956,0.017820285126473823
S386-01-t10_01.jpg,S386-02-t10_01.jpg,0.13559811236372254,0.2585025564413914,0.371447169453641,0.4414127675705828
S386-03-t10_01.jpg,S386-04-t10_01.jpg,0.3499071892907728,0.47645548275857375,0.5046037999282946,0.8553804979280162
S386-05-t10_01.jpg,S386-06-t10_01.jpg,0.3306707100141859,0.2228960124073518,0.29126225872577083,0.68260478850172
S386-07-t10_01.jpg,S386-08-t10_01.jpg,0.21026773792075304,0.14263616099909404,0.35214176305065026,0.4341803690535283
S387-01-t10_01.jpg,S387-02-t10_01.jpg,0.24849495240242958,0.06921298323718661,0.2051856951255444,0.011409796093886926
S388-01-t10_01.jpg,S388-02-t10_01.jpg,0.3325189681081542,0.3584068925284801,0.8233434249093842,0.8996674300983636
S388-03-t10_01.jpg,S388-04-t10_01.jpg,0.16182612098763216,0.09027612973013743,0.08888880233688523,0.007019834849504525
S388-05-t10_01.jpg,S388-06-t10_01.jpg,0.2052131432982094,0.30906045536756577,0.7287022002712605,0.9158371805621552
S388-07-t10_01.jpg,S388-08-t10_01.jpg,0.256392369688787,0.22977799594986537,0.08460084395215128,0.018703653769232997
S388-09-t10_01.jpg,S388-10-t10_01.jpg,0.10638821015461064,0.12099794285636134,0.27596251752887657,0.014261725345914078
S388-11-t10_01.jpg,S388-12-t10_01.jpg,0.2188355432262904,0.36728747720093025,0.26958718806478454,0.8348711276069146
S388-13-t10_01.jpg,S388-14-t10_01.jpg,0.16626645227330272,0.12065280461564787,0.4418932975013866,0.01256960721122169
S388-15-t10_01.jpg,S388-16-t10_01.jpg,0.1797691976714706,0.4613931698860031,0.6083854072925122,0.8803770841959148
S388-17-t10_01.jpg,S388-18-t10_01.jpg,0.09227962924305522,0.490589691776537,0.795943352404188,0.6924540509164161
S389-01-t10_01.jpg,S389-02-t10_01.jpg,0.4780175719466183,0.39482920560700974,0.21727827246560982,0.030452540479418366
S390-01-t10_01.jpg,S390-02-t10_01.jpg,0.13323181139787454,0.2120400234063453,0.4878655857656313,0.010363495334787642
S391-01-t10_01.jpg,S391-02-t10_01.jpg,0.3962611046886977,0.3216615149611183,0.669164141131592,0.8694359150188404
S392-01-t10_01.jpg,S392-02-t10_01.jpg,0.14850390436211658,0.3373299230979133,0.39486409934026745,0.4153284079435058
S392-03-t10_01.jpg,S392-04-t10_01.jpg,0.18411084265188116,0.33423084483220156,0.5007078292709273,0.3164854226667193
S392-05-t10_01.jpg,S392-06-t10_01.jpg,0.17714319551506874,0.23172526677979954,0.3399790364941414,0.35682648713999054
S392-07-t10_01.jpg,S392-08-t10_01.jpg,0.442447050576837,0.22532142801411015,0.631540876522174,0.8534961013156607
S393-01-t10_01.jpg,S393-02-t10_01.jpg,0.23070424893000374,0.1853938014217802,0.5081639485528511,0.007459647839174854
S393-03-t10_01.jpg,S393-04-t10_01.jpg,0.1810432258155198,0.5204519223710179,0.5096237376421334,0.012138539599608977
S394-01-t10_01.jpg,S394-02-t10_01.jpg,0.10441972535336397,0.15255050374641,0.20397854004134086,0.0047949223359088355
S394-03-t10_01.jpg,S394-04-t10_01.jpg,0.4599388312193702,0.36700100553068715,0.5336714000083136,0.8662837912264154
S395-01-t10_01.jpg,S395-02-t10_01.jpg,0.46455250649684376,0.7713393905291097,0.5381494881869198,0.9174672436536448
S396-01-t10_01.jpg,S396-02-t10_01.jpg,0.09373060895477192,0.09820818089966998,0.11868501665879316,0.008630264234104068
S396-03-t10_01.jpg,S396-04-t10_01.jpg,0.38234488060253746,0.23158476856434118,0.37749516917728243,0.016981663805324176
S396-05-t10_01.jpg,S396-06-t10_01.jpg,0.03973510632325761,0.26456996980123404,0.2500868719386128,0.008545764041829607
S396-07-t10_01.jpg,S396-08-t10_01.jpg,0.21430109824094257,0.23212228986952754,0.05096129144556483,0.013948131525483576
S396-09-t10_01.jpg,S396-10-t10_01.jpg,0.18291904316774799,0.1856779219908744,0.40243182142937184,0.006577723892179366
S397-02-t10_01.jpg,S397-02-t10_02.jpg,0.07164039577732806,0.19412728822492265,0.35214320667231536,0.009198955211144999
S397-03-t10_01.jpg,S397-03-t10_02.jpg,0.10936976039057733,0.20759583675642024,0.13859475714561909,0.02515607062648806
S398-01-t10_01.jpg,S398-02-t10_01.jpg,0.06612569055269835,0.14885261731306998,0.11028681002146534,0.006194125181385179
S399-01-t10_01.jpg,S399-02-t10_01.jpg,0.2923637554666717,0.5062589719796096,0.6310399039867032,0.9032598947524524
S399-03-t10_01.jpg,S399-04-t10_01.jpg,0.07359054735211257,0.07840898436169175,0.13421642885666163,0.008148507303161412
S399-05-t10_01.jpg,S399-06-t10_01.jpg,0.2696411973688101,0.28198988067035824,0.19147552697957493,0.012881011048886393
S402-01-t10_01.jpg,S402-02-t10_01.jpg,0.43011128381717745,0.401258577764697,0.8162166091830463,0.8986932048461926
S403-01-t10_01.jpg,S403-03-t10_01.jpg,0.23150726752395812,0.47349139780570004,0.6767991578586026,0.4586318235509034
S404-01-t10_01.jpg,S404-02-t10_01.jpg,0.2371289372876868,0.519190579073054,0.7086704819367199,0.8722264905576209
S404-03-t10_01.jpg,S404-04-t10_01.jpg,0.34839430117178993,0.18962015929839948,0.5136823794319424,0.0216682006915635
S404-05-t10_01.jpg,S404-06-t10_01.jpg,0.2266794815796993,0.1931288465333052,0.7096199447854761,0.02657360379295859
S404-07-t10_01.jpg,S404-08-t10_01.jpg,0.15860260294566864,0.1579455807464727,0.7970710500659424,0.07684444995361783
S404-09-t10_01.jpg,S404-10-t10_01.jpg,0.09517504576099767,0.144121507573844,0.3232409507408489,0.02157122429591618
S404-11-t10_01.jpg,S404-12-t10_01.jpg,0.11006252385406623,0.04337485922675732,0.34104649086411387,0.07923422635177058
S407-01-t10_01.jpg,S407-02-t10_01.jpg,0.3689618935259227,0.29027305269442816,0.6036915777470754,0.023025067657395648
S407-03-t10_01.jpg,S407-03-t10_02.jpg,0.15526999021865928,0.27568021915614915,0.2863464551078416,0.00839098174458719
S409-01-t10_01.jpg,S409-02-t10_01.jpg,0.15256840086198065,0.37450140818674393,0.461728972549977,0.011722184313239792
S409-03-t10_01.jpg,S409-04-t10_01.jpg,0.1577849860000945,0.15542111484309173,0.30221540203460384,0.019290270812945653
S409-05-t10_01.jpg,S409-06-t10_01.jpg,0.1621056470678901,0.1146251891119856,0.3581045400747149,0.007520890064086183
S409-07-t10_01.jpg,S409-08-t10_01.jpg,0.13962527572561612,0.10876441661689518,0.3829959792499602,0.017026158153841453
S409-09-t10_01.jpg,S409-10-t10_01.jpg,0.17294798168495085,0.3000298731046328,0.3125399424462558,0.012734172738689598
S412-01-t10_01.jpg,S412-02-t10_01.jpg,0.22234500429725157,0.18770390075079224,0.2710108970029602,0.02079184152527369
S413-01-t10_01.jpg,S413-03-t10_01.jpg,0.1747002054383997,0.3666507172052327,0.7055712367873588,0.029634341865424574
S413-04-t10_01.jpg,S413-05-t10_01.jpg,0.25878546393841606,0.39166233238841597,0.8354842506522928,0.8967904103779303
S413-06-t10_01.jpg,S413-07-t10_01.jpg,0.08543384974570167,0.1255142741644003,0.209516359952428,0.014479229395949145
S413-08-t10_01.jpg,S413-09-t10_01.jpg,0.42427922241725213,0.3441847022158193,0.7961511903943979,0.919659561653784
S414-01-t10_01.jpg,S414-02-t10_01.jpg,0.2029501623917086,0.4310572324842771,0.9418749911089523,0.8905415444026725
S414-03-t10_01.jpg,S414-04-t10_01.jpg,0.045287855688832535,0.21886084127455985,0.4783025432772814,0.18807738998875168
S414-05-t10_01.jpg,S414-06-t10_01.jpg,0.14156712512993364,0.2607223210122037,0.10389131071869984,0.019998293733598516
S414-07-t10_01.jpg,S414-08-t10_01.jpg,0.08438899251483867,0.09077922094153135,0.28222534385871223,0.0083896913355902
S414-09-t10_01.jpg,S414-10-t10_01.jpg,0.10685088615042371,0.13402597165767594,0.3629158809915647,0.00860675147215828
S416-01-t10_01.jpg,S416-02-t10_01.jpg,0.3149735090387683,0.34675258734882275,0.7587351252997049,0.8751602769383813
S421-01-t10_01.jpg,S421-02-t10_01.jpg,0.3168980569758485,0.2147973301309527,0.6167668211832997,0.8990095578162396
S422-01-t10_01.jpg,S422-02-t10_01.jpg,0.39049751244360376,0.2752690022349066,0.5251465509037974,0.013275521530394352
S422-03-t10_01.jpg,S422-04-t10_01.jpg,0.21935448984438888,0.1785896090925907,0.661773985240465,0.010879230731617007
S426-01-t10_01.jpg,S426-01-t10_02.jpg,0.2680286156094621,0.3434958007935969,0.6156751149885746,0.017495501580780948
S426-02-t10_01.jpg,S426-02-t10_02.jpg,0.23280139206619066,0.5369645363635029,0.33671322069455867,0.027134921750798124
S429-01-t10_01.jpg,S429-02-t10_01.jpg,0.23697339367873504,0.6802019545703013,0.7690921256044708,0.9021342402177877
S429-03-t10_01.jpg,S429-04-t10_01.jpg,0.13519922911676663,0.13102597474930777,0.4025294581115265,0.015080471785153926
S429-05-t10_01.jpg,S429-06-t10_01.jpg,0.3851506352258135,0.5264819951156037,0.4040162623177771,0.014525101298678122
S429-07-t10_01.jpg,S429-08-t10_01.jpg,0.21214242751849055,0.39066032291603725,0.37890878577108156,0.0074274706346980635
S429-09-t10_01.jpg,S429-10-t10_01.jpg,0.4814375322245503,0.584638272280287,0.8606444873927904,0.9278513543603635
S430-01-t10_01.jpg,S430-02-t10_01.jpg,0.22381008474329767,0.20141391092770367,0.23047675431049608,0.011488407641985665
S430-03-t10_01.jpg,S430-04-t10_01.jpg,0.13501452679698656,0.22667154932680278,0.2536508704345518,0.022651858848396156
S430-05-t10_01.jpg,S430-06-t10_01.jpg,0.10583520768814791,0.04402400286504371,0.23827979734215832,0.012012699612780842
S433-01-t10_01.jpg,S433-02-t10_01.jpg,0.4668828944354102,0.7418972567549141,0.9211808125452834,0.9211758923606911
S433-03-t10_01.jpg,S433-04-t10_01.jpg,0.39397079941386726,0.19836319323143714,0.5987796320711316,0.9022231595990137
S434-01-t10_01.jpg,S434-02-t10_01.jpg,0.38777377131808133,0.34121949228730697,0.19594242918344695,0.019633770821009366
S435-01-t10_01.jpg,S435-02-t10_01.jpg,0.05512071962374898,0.13808075498417327,0.4767139578056996,0.011329259455794216
S436-01-t10_01.jpg,S436-02-t10_01.jpg,0.3701986299748994,0.4070182272647318,0.4786846149053977,0.8890996982279362
S439-06-t10_01.jpg,S439-07-t10_01.jpg,0.19084751000405065,0.23676824550600495,0.2856125946381659,0.013244526857216443
S445-01-t10_01.jpg,S445-02-t10_01.jpg,0.3224247482963156,0.3619507094442398,0.5495096209798971,0.01226686323552617
S447-01-t10_01.jpg,S447-02-t10_01.jpg,0.578267327809264,0.47983676358464056,0.5614642781954239,0.9296986966901838
S447-03-t10_01.jpg,S447-04-t10_01.jpg,0.158902318910086,0.153659933392163,0.203008277672176,0.013858461405451439
S448-01-t10_01.jpg,S448-02-t10_01.jpg,0.48201174163913485,0.26141400651345514,0.5988564880729124,0.026669816959116077
S449-03-t10_02.jpg,S449-04-t10_01.jpg,0.32782870922252294,0.1743727336077907,0.530271264904586,0.017183954882537877
S453-01-t10_01.jpg,S453-02-t10_01.jpg,0.1860499185167419,0.21528503630959306,0.13657701420807078,0.012742928072789539
S453-03-t10_01.jpg,S453-04-t10_01.jpg,0.2010517786172361,0.2680642908851172,0.4921316444376942,0.047667240753420215
S453-05-t10_01.jpg,S453-06-t10_01.jpg,0.05417622063937422,0.06902969962070682,0.3103681231046105,0.020081557514958437
S453-07-t10_01.jpg,S453-09-t10_01.jpg,0.13863757189812287,0.35309586267064486,0.23141099622073225,0.7614948514549235
S453-10-t10_01.jpg,S453-11-t10_01.jpg,0.26656525443396706,0.7438224632845043,0.8266897429272807,0.27282949039343884
S453-11-t10_02.jpg,S453-11-t10_03.jpg,0.026565391371748293,0.09784644966318967,0.054561214627153576,0.008023376976127983
S453-12-t10_01.jpg,S453-13-t10_01.jpg,0.18143215234786902,0.27928839398950767,0.27472758701990074,0.009600551999717433
S453-14-t10_01.jpg,S453-15-t10_01.jpg,0.30086714433888784,0.1536361447387734,0.4382801986234064,0.011290135337035712
S454-01-t10_01.jpg,S454-02-t10_01.jpg,0.2544539422912053,0.7194422368574249,0.6935051961565144,0.9217652614239813
S455-01-t10_01.jpg,S455-01-t10_02.jpg,0.17064911817323802,0.26200782199098116,0.0995077356697579,0.018771843322279436
S456-01-t10_01.jpg,S456-02-t10_01.jpg,0.4292276426290156,0.499830811964045,0.5514164106254702,0.9203406514685863
S457-01-t10_01.jpg,S457-02-t10_01.jpg,0.13920789357646035,0.1317198639936299,0.26249001995014676,0.009008726359186259
S457-03-t10_01.jpg,S457-04-t10_01.jpg,0.13636486981468832,0.07420030795526245,0.24889965705755646,0.006748617099707199
S460-01-t10_01.jpg,S460-02-t10_01.jpg,0.208745128939132,0.23821108082896192,0.5127621836963112,0.1563089444428306
S461-01-t10_01.jpg,S461-02-t10_01.jpg,0.3081598348894764,0.34974927861715444,0.18915240040152004,0.017317994151068383
S461-03-t10_01.jpg,S461-04-t10_01.jpg,0.11627849102114463,0.13654532791524143,0.3318377284375762,0.06938939086909668
S461-05-t10_01.jpg,S461-06-t10_01.jpg,0.13493639745705976,0.2769384646845704,0.20147524464791822,0.8862574028696419
S461-07-t10_01.jpg,S461-08-t10_01.jpg,0.2524206002879471,0.3779745718553825,0.360240232818948,0.5367545556024181
S461-09-t10_01.jpg,S461-10-t10_01.jpg,0.21711283573183737,0.3922876381284469,0.3945742188346275,0.01878587788916508
S463-01-t10_01.jpg,S463-02-t10_02.jpg,0.4564873421310358,0.5022262994410369,0.6194621220940365,0.020338430068173707
S464-01-t10_01.jpg,S464-01-t10_02.jpg,0.06006184266425696,0.18945591560768138,0.1822879882277808,0.004788825559486232
S468-01-t10_01.jpg,S468-01-t10_02.jpg,0.3399564558604731,0.27523447730756156,0.17444827737615765,0.015403623670039335
S468-02-t10_01.jpg,S468-02-t10_02.jpg,0.16621032557895743,0.12715273434483987,0.12797602585291956,0.008524625316766787
S469-03-t10_01.jpg,S469-05-t10_01.jpg,0.08712940372293188,0.13909883026738434,0.32282506661626664,0.007041314370990426
S470-01-t10_01.jpg,S470-02-t10_01.jpg,0.17411426288241227,0.24844427651693535,0.5168046730829414,0.019368691157598983
S472-02-t10_01.jpg,S472-03-t10_01.jpg,0.17693943948814694,0.40816288726725247,0.3760669588365877,0.6359212754358672
S474-01-t10_01.jpg,S474-02-t10_01.jpg,0.27207206896300173,0.3257650321639547,0.33089142749697764,0.012529177788258239
S477-01-t10_01.jpg,S477-02-t10_01.jpg,0.19252844967050065,0.23691676738395373,0.34587199275247593,0.010873164652404954
S479-01-t10_01.jpg,S479-02-t10_01.jpg,0.15996404576867906,0.2293982458322632,0.27578574805348055,0.012207019232324368
S480-01-t10_01.jpg,S480-03-t10_01.jpg,0.6495041007524431,0.8482476746098383,0.8839441839028253,0.9408441120772929
S483-01-t10_01.jpg,S483-02-t10_01.jpg,0.445192349372888,0.4932151476442267,0.48356960777727787,0.034813116050511184
S400-01-t10_01.jpg,S400-02-t10_01.jpg,0.04101853710870351,0.20811454735116142,0.2936214732537239,0.006651361727997407
S401-01-t10_01.jpg,S401-02-t10_01.jpg,0.22529006196282308,0.7023446868289531,0.2946644716775981,0.016816083510219237
S401-03-t10_01.jpg,S401-04-t10_01.jpg,0.2577434899106664,0.6325736560783863,0.3207742462971096,0.015071748169616539
S401-05-t10_01.jpg,S401-06-t10_01.jpg,0.18173066327168508,0.1290205570583166,0.2223075973304881,0.01869529422744476
S401-07-t10_01.jpg,S401-08-t10_01.jpg,0.1817349980291132,0.3266287441599549,0.3031397793609705,0.01725617753695663
S405-01-t10_01.jpg,S405-02-t10_01.jpg,0.27005603948234336,0.11549791617797833,0.3886015745665643,0.49127640156009755
S405-03-t10_01.jpg,S405-04-t10_01.jpg,0.3123956203376045,0.8532833272195456,0.8245461148146616,0.8295999456968365
S405-05-t10_01.jpg,S405-06-t10_01.jpg,0.5791916371315804,0.959007915645981,0.4462834053989687,0.10245878932589603
S406-01-t10_01.jpg,S406-02-t10_01.jpg,0.3723529277085522,0.16314481705767303,0.4184680597966912,0.012523571547446877
S408-01-t10_01.jpg,S408-02-t10_01.jpg,0.6277742472183121,0.6653925014515973,0.9389959444690337,0.7688187602654603
S411-01-t10_01.jpg,S411-02-t10_01.jpg,0.3844587733631438,0.2139657324606754,0.6153444605106417,0.02693026688909239
S411-03-t10_01.jpg,S411-04-t10_01.jpg,0.27191204266340896,0.37442929117763835,0.28044126265967884,0.022654358216632198
S411-05-t10_01.jpg,S411-06-t10_01.jpg,0.12534970189100902,0.12986951883930542,0.18432663266180283,0.006258913810045175
S411-06-t10_02.jpg,S411-06-t10_03.jpg,0.04320035935698485,0.12055990157007201,0.04254881933394039,0.005538851973211467
S415-01-t10_01.jpg,S415-02-t10_01.jpg,0.20804256053681436,0.34367535062640675,0.14516040582935552,0.01859807050905371
S415-03-t10_01.jpg,S415-04-t10_01.jpg,0.22833021508037665,0.06837758481938117,0.2487097846852333,0.509363619792594
S415-05-t10_01.jpg,S415-06-t10_01.jpg,0.426975757327574,0.6511959078434301,0.7037243946521701,0.9176152843515926
S417-01-t10_01.jpg,S417-02-t10_01.jpg,0.1954524158007681,0.12096705482092596,0.6125069998861431,0.015141198716875248
S417-03-t10_01.jpg,S417-04-t10_01.jpg,0.15368557744307332,0.37002688781043136,0.30812194371831236,0.3050888767066092
S417-06-t10_01.jpg,S417-07-t10_01.jpg,0.37332085571024787,0.5004306818146836,0.5592212088824369,0.9301829361409581
S418-01-t10_01.jpg,S418-03-t10_01.jpg,0.37185428830529854,0.27464942405165915,0.5283822496586608,0.8368804351300546
S419-01-t10_01.jpg,S419-02-t10_01.jpg,0.2097292952685762,0.6648155176380399,0.6663591133653477,0.9360461908881608
S419-04-t10_01.jpg,S419-05-t10_01.jpg,0.4950462984224193,0.490819949289953,0.6434220578237757,0.8651541699520071
S419-06-t10_01.jpg,S419-07-t10_01.jpg,0.12837562255323642,0.3299669233209195,0.1613859402980521,0.2693557791132253
S419-08-t10_01.jpg,S419-09-t10_01.jpg,0.1849400288176304,0.42358052425990866,0.5368304394988801,0.5414922771260289
S420-01-t10_01.jpg,S420-02-t10_01.jpg,0.12481110948722296,0.22952002364456414,0.2698055383344733,0.006180229401512527
S420-03-t10_01.jpg,S420-04-t10_01.jpg,0.10511211695180778,0.3577921968100163,0.2470913144162009,0.016920940039847343
S420-05-t10_01.jpg,S420-06-t10_01.jpg,0.057957227177760307,0.08069734791863847,0.059638565046442715,0.005916395394621743
S423-01-t10_01.jpg,S423-02-t10_01.jpg,0.1218195764371457,0.32642989469689143,0.17169201762348318,0.006606810176197686
S423-03-t10_01.jpg,S423-04-t10_01.jpg,0.2551851183917434,0.2506799310768709,0.42175162114854503,0.008464070364286536
S425-01-t10_01.jpg,S425-02-t10_01.jpg,0.4290084150933847,0.3330385734128831,0.3704036405017693,0.9755343255957059
S425-03-t10_01.jpg,S425-04-t10_01.jpg,0.535878197655082,0.2187141121585493,0.7242297602327858,0.9270040017528901
S425-05-t10_01.jpg,S425-06-t10_01.jpg,0.4071025088981792,0.24368093089032772,0.6753328136428999,0.18504368707393792
S425-07-t10_01.jpg,S425-08-t10_01.jpg,0.15000084401691827,0.11062287074972443,0.20505975577668534,0.004987809613645422
S427-01-t10_01.jpg,S427-02-t10_01.jpg,0.30531142946167733,0.36576725144237254,0.688963107131261,0.03612018407153106
S427-03-t10_01.jpg,S427-04-t10_01.jpg,0.2880595436812007,0.35119540710709696,0.5507868675787455,0.24016754104541727
S428-01-t10_01.jpg,S428-02-t10_01.jpg,0.11430459337473531,0.2673519596397421,0.28958252934143414,0.008291919117646707
S428-03-t10_01.jpg,S428-04-t10_01.jpg,0.23145961533695347,0.24825948645865292,0.6242343871098873,0.13437394391484225
S428-05-t10_01.jpg,S428-06-t10_01.jpg,0.03492530800993887,0.25801804222140434,0.26986000725727655,0.010590215700284289
S431-01-t10_01.jpg,S431-02-t10_01.jpg,0.5985113961972043,0.4261974269489497,0.609157929262514,0.9498215565232446
S432-01-t10_01.jpg,S432-02-t10_01.jpg,0.19212921794478455,0.20884240808048238,0.2740281632541417,0.29411681395585354
S439-01-t10_01.jpg,S439-02-t10_01.jpg,0.13727203257948328,0.3922846539382926,0.33103570422347506,0.00824779928788033
S439-03-t10_01.jpg,S439-04-t10_01.jpg,0.11445463685536628,0.07895354607575944,0.3746084087947279,0.011705941397197384
S439-05-t10_01.jpg,S439-08-t10_01.jpg,0.5789815946536361,0.3517245936037676,0.8289991231667917,0.9384955439460295
S439-08-t10_02.jpg,S439-08-t10_03.jpg,0.029004718291744558,0.10841941064235638,0.07469256818139525,0.0044127117716912245
S440-01-t10_01.jpg,S440-02-t10_01.jpg,0.17848701905151787,0.34679627820390935,0.21710467557890145,0.014255432937009926
S440-03-t10_01.jpg,S440-04-t10_01.jpg,0.1192360216287186,0.4643097582264686,0.4164485658353976,0.008664162893644911
S442-01-t10_01.jpg,S442-02-t10_01.jpg,0.1897757653680444,0.27192223618156564,0.2909143230763849,0.011374039359266952
S443-01-t10_01.jpg,S443-02-t10_01.jpg,0.45741222269941495,0.26241832670552145,0.44424125570266726,0.8732037486001862
S443-03-t10_01.jpg,S443-04-t10_01.jpg,0.6327944098034488,0.5581628081321279,0.8201676760494296,0.942936981125763
S443-05-t10_01.jpg,S443-06-t10_01.jpg,0.3875555595735509,0.5735463496247609,0.5801551772383551,0.7073148496584029
S446-01-t10_01.jpg,S446-02-t10_01.jpg,0.11953972033693894,0.16974804727516102,0.14070338013145012,0.023089539534204118
S449-01-t10_01.jpg,S449-02-t10_01.jpg,0.22265537750017161,0.20159647460483887,0.48859394905788733,0.015104034600976202
S449-03-t10_01.jpg,S449-03-t10_03.jpg,0.3165490422907362,0.417445181529705,0.6298454538931716,0.020534313317392416
S449-05-t10_01.jpg,S449-06-t10_01.jpg,0.3677906481487203,0.3039317894025487,0.48415136023774097,0.012027159178160773
S450-01-t10_01.jpg,S450-02-t10_01.jpg,0.4626307151953917,0.3271753910871358,0.7843305885107924,0.5550830057339036
S450-03-t10_01.jpg,S450-04-t10_01.jpg,0.11800476053467446,0.11014531626741253,0.27944285344543807,0.014253240171918868
S450-05-t10_01.jpg,S450-06-t10_01.jpg,0.13441815962346082,0.10457009460735034,0.5345719346864916,0.012001017500555045
S450-07-t10_01.jpg,S450-08-t10_01.jpg,0.1843968578805577,0.3093811557633096,0.6452518607945525,0.04396741886139621
S450-09-t10_01.jpg,S450-10-t10_01.jpg,0.16582649764621515,0.25900159419229984,0.3830361063734863,0.005630745955312766
S451-01-t10_01.jpg,S451-02-t10_01.jpg,0.2973184021901397,0.5168249737617594,0.7255661730478697,0.9118065168231861
S452-01-t10_01.jpg,S452-02-t10_01.jpg,0.21127107005771506,0.08129107508390021,0.15334831894340328,0.008728445657041561
S452-02-t10_02.jpg,S452-02-t10_03.jpg,0.03277819915490643,0.10440117910788116,0.026927534377023665,0.005397179412449882
S452-03-t10_01.jpg,S452-03-t10_02.jpg,0.6245882864128682,0.4744727407550653,0.8135582342380389,0.022627993092399934
S463-01-t10_02.jpg,S463-02-t10_01.jpg,0.14752403522433089,0.29508253835707865,0.5262739231887044,0.01072375233126066
S465-01-t10_01.jpg,S465-02-t10_01.jpg,0.10942928511202099,0.31188825941892484,0.13932254878212558,0.010563909691460927
S466-01-t10_01.jpg,S466-02-t10_01.jpg,0.21684884715168284,0.2568563230526696,0.272171193331733,0.009508706540140355
S466-03-t10_01.jpg,S466-04-t10_01.jpg,0.15308837598742708,0.1558490005341553,0.4595882582755506,0.01983585216932593
S466-05-t10_01.jpg,S466-06-t10_01.jpg,0.05942683517922431,0.5147100299305765,0.3823853776161763,0.010373764463808444
S467-01-t10_01.jpg,S467-02-t10_01.jpg,0.12863327461979912,0.2388387876068384,0.32819653665079773,0.017545317843705055
S469-01-t10_01.jpg,S469-02-t10_01.jpg,0.1794925799004542,0.523980547763865,0.23787054470606017,0.29693427973843156
S471-01-t10_01.jpg,S471-02-t10_01.jpg,0.22167630704772623,0.21001808144500722,0.7280599475627791,0.23407320785707697
S471-03-t10_01.jpg,S471-04-t10_01.jpg,0.3722022605151871,0.5930016132905669,0.3871987330449692,0.01957352757538866
S471-05-t10_01.jpg,S471-06-t10_01.jpg,0.41230566107697697,0.3913663713699338,0.8253115034744634,0.9664209858875957
S473-01-t10_01.jpg,S473-02-t10_01.jpg,0.1546717811187046,0.1208153348624239,0.16885836209007743,0.013099152063528186
S473-03-t10_01.jpg,S473-04-t10_01.jpg,0.14710968108754297,0.2901758541831354,0.6552927620874367,0.8355340183825557
S475-01-t10_01.jpg,S475-01-t10_02.jpg,0.5365794618839834,0.5572501826377461,0.7898637991672103,0.779632473216609
S475-01-t10_03.jpg,S475-02-t10_01.jpg,0.49894674423828556,0.5066319269851174,0.573854792219025,0.05406999867552287
S476-01-t10_01.jpg,S476-02-t10_01.jpg,0.3001147367382676,0.3763927734754162,0.3623098458192109,0.7704067620268759
S478-01-t10_01.jpg,S478-02-t10_01.jpg,0.38122859265889053,0.3955129236063847,0.5241496191251765,0.022475916699802978
S481-01-t10_01.jpg,S481-02-t10_01.jpg,0.029630113377937306,0.09158177931159484,0.41674090087707305,0.012868398548898208
S481-02-t10_02.jpg,S481-02-t10_03.jpg,0.01833550094003089,0.1735358920695479,0.20111688430802954,0.01042116636367163
S482-01-t10_01.jpg,S482-02-t10_01.jpg,0.15950207939269145,0.21912244223082378,0.40429981664593106,0.01794439551455207
S500-01-t10_01.jpg,S500-01-t10_03.jpg,0.1306718429940148,0.08607086064591685,0.32863347373477647,0.010624529913088487
S502-01-t10_01.jpg,S502-01-t10_02.jpg,0.2900418924482657,0.34952498791475806,0.42848501328594746,0.01344682649733464
S518-01-t10_01.jpg,S518-01-t10_02.jpg,0.297784662410448,0.19288491337597913,0.2668237283537006,0.014138503182583695
S483-02-t10_02.jpg,S483-02-t10_03.jpg,0.08346814106222045,0.19973828184269815,0.1142875828682991,0.011588854021503447
S483-03-t10_01.jpg,S483-04-t10_01.jpg,0.24921522458652146,0.8278976633617292,0.5024174148475664,0.8658108512773692
S483-04-t10_02.jpg,S483-04-t10_03.jpg,0.17635461465280777,0.3705456091882665,0.2841291079090852,0.00882059640854116
S484-01-t10_01.jpg,S484-02-t10_01.jpg,0.28928254320522284,0.6346172849633105,0.3308647836012809,0.3928495949615918
S485-01-t10_01.jpg,S485-02-t10_01.jpg,0.041161013484922404,0.13123517895127224,0.23563234201199001,0.01778729971125581
S486-01-t10_01.jpg,S486-02-t10_01.jpg,0.1928963968531343,0.10692924745912913,0.10384969088530027,0.02855733644871028
S486-03-t10_01.jpg,S486-04-t10_01.jpg,0.17214714423553357,0.19559274191009213,0.09087882460670882,0.008303322003055613
S487-01-t10_01.jpg,S487-01-t10_02.jpg,0.2573173532269828,0.13145783868946181,0.17667440937387568,0.00872912904990275
S487-02-t10_01.jpg,S487-02-t10_02.jpg,0.3557490914581589,0.24747347086756055,0.2609756096051674,0.006156293444106509
S489-01-t10_01.jpg,S489-02-t10_01.jpg,0.090033149871939,0.03397612440558884,0.05485666859012872,0.003119830401206114
S490-01-t10_01.jpg,S490-01-t10_02.jpg,0.05063492183248863,0.2054149980807175,0.047105542053620275,0.004357053609864603
S491-01-t10_01.jpg,S491-02-t10_01.jpg,0.1860215361591938,0.08776574085356192,0.5650480406745246,0.022411313780557718
S492-01-t10_01.jpg,S492-02-t10_01.jpg,0.12417520267195437,0.24225063133960223,0.17198458869587918,0.017839747210540824
S493-01-t10_01.jpg,S493-02-t10_01.jpg,0.14217590373516797,0.3767930565600911,0.326192458081463,0.011894964919743845
S494-01-t10_01.jpg,S494-01-t10_02.jpg,0.16247839265069697,0.17356273488010698,0.2684092123140812,0.007638584466550968
S494-01-t10_03.jpg,S494-02-t10_01.jpg,0.11211334660925754,0.21271946924312357,0.2392175479515617,0.008599476515872784
S494-02-t10_02.jpg,S494-02-t10_03.jpg,0.037615811128123844,0.12439338607331396,0.05282330375612132,0.010394519100358157
S495-01-t10_01.jpg,S495-02-t10_01.jpg,0.480757890254515,0.3689014303552919,0.8516846479218771,0.877115158313672
S495-02-t10_02.jpg,S495-02-t10_03.jpg,0.02398053251678911,0.13330978162934803,0.2731393153777304,0.005529791534270467
S496-01-t10_01.jpg,S496-02-t10_01.jpg,0.1186450645447833,0.29197502580976975,0.24138809273157746,0.018378026055039465
S497-01-t10_01.jpg,S497-02-t10_01.jpg,0.5638108754756757,0.3302455850643017,0.6506800318213485,0.22993014404251688
S497-03-t10_01.jpg,S497-04-t10_01.jpg,0.07254130883458976,0.3500848751720582,0.4736270592853591,0.05277530517630524
S498-01-t10_01.jpg,S498-02-t10_01.jpg,0.14997234333842768,0.45075463928859394,0.12134973269814786,0.009438043918895911
S499-01-t10_01.jpg,S499-02-t10_01.jpg,0.32492036327031193,0.41428925194895483,0.09067211146213183,0.011142841914379198
S499-03-t10_01.jpg,S499-04-t10_01.jpg,0.214068183014528,0.4504962137017875,0.10200212057008384,0.01096050500572654
S499-05-t10_01.jpg,S499-06-t10_01.jpg,0.17729084727644961,0.43782129273485737,0.19052971750816627,0.017847572226658448
S500-01-t10_02.jpg,S500-02-t10_01.jpg,0.2694020260820147,0.054783861197580164,0.19860606521706214,0.02856392208186387
S501-01-t10_01.jpg,S501-02-t10_01.jpg,0.10734313617416691,0.24901964175269453,0.4897923559788099,0.019144407169624733
S501-03-t10_01.jpg,S501-04-t10_01.jpg,0.21283636509670323,0.32770385707674143,0.14609465620513928,0.019653549681870053
S501-05-t10_01.jpg,S501-06-t10_01.jpg,0.1333292066547671,0.24277407699549403,0.2175580376270153,0.015220399988262523
S502-02-t10_01.jpg,S502-02-t10_02.jpg,0.3435449306986704,0.31641225613975776,0.1733874490370012,0.017620734441011865
S503-01-t10_01.jpg,S503-02-t10_01.jpg,0.2088989485691891,0.24018560075223094,0.20113389493860478,0.04921312204107464
S504-01-t10_01.jpg,S504-02-t10_01.jpg,0.12058824532205659,0.049212588834643856,0.1510214149540201,0.007549186982076406
S505-01-t10_01.jpg,S505-02-t10_01.jpg,0.324330508388437,0.6011050989438638,0.7859885775432942,0.44340799053729196
S506-01-t10_01.jpg,S506-01-t10_02.jpg,0.631187115176872,0.5784613790159527,0.9890179568889558,0.9355829929328274
S506-02-t10_01.jpg,S506-02-t10_02.jpg,0.6141299435154404,0.6401633985231467,0.954444856777183,0.8529024338160018
S506-03-t10_01.jpg,S506-03-t10_02.jpg,0.5147904638909443,0.7400607882431038,0.8944737343832225,0.9230164156783753
S507-01-t10_01.jpg,S507-02-t10_01.jpg,0.18765214475718017,0.22150620382579245,0.62484182776115,0.01351268577645659
S507-03-t10_01.jpg,S507-04-t10_01.jpg,0.26706052734333285,0.07975165499841963,0.4859942316177487,0.015336218386173828
S508-01-t10_01.jpg,S508-02-t10_01.jpg,0.4992486875518932,0.3662291976468395,0.7727638831925704,0.44342909739680403
S509-01-t10_01.jpg,S509-01-t10_02.jpg,0.14185682150212064,0.19272728376495873,0.1633153418679436,0.011086537446668765
S510-01-t10_01.jpg,S510-02-t10_01.jpg,0.12251177858315543,0.11390282632847648,0.1136729998644318,0.010819843880511493
S510-03-t10_01.jpg,S510-04-t10_01.jpg,0.08217806155635665,0.20955581159120262,0.35415979821053867,0.014228584612399398
S511-01-t10_01.jpg,S511-01-t10_02.jpg,0.13375211272185483,0.5183240009690302,0.1320272357531842,0.016032518817154284
S512-01-t10_01.jpg,S512-02-t10_01.jpg,0.13042300886984237,0.1486955257803777,0.16429901386228196,0.006212382428481433
S513-01-t10_01.jpg,S513-02-t10_01.jpg,0.29242400037842087,0.357716991932012,0.6382704157614509,0.023906729543885508
S514-01-t10_01.jpg,S514-01-t10_02.jpg,0.02327585854690417,0.13540787405353727,0.15293288115103187,0.009842612727625655
S516-01-t10_01.jpg,S516-02-t10_01.jpg,0.38946620984928904,0.1504385969691302,0.4717574777450583,0.6570801907594896
