Image1,Image2,VGG-Face,VGG-Face Match,OpenFace,OpenFace Match,Facenet,Facenet Match,ArcFace,ArcFace Match
S001-01-t10_01.jpg,S001-02-t10_01.jpg,0.08412439824399809,True,0.23002258781160612,False,0.2326558168605537,True,0.015660429061520764,True
S001-03-t10_01.jpg,S001-04-t10_01.jpg,0.3652842262785596,True,0.6136686611763764,False,0.6935741767474286,False,0.9719150957823871,False
S001-05-t10_01.jpg,S001-06-t10_01.jpg,0.20617733956521533,True,0.1923413853884296,False,0.887339273211795,False,0.40936907798718514,True
S001-07-t10_01.jpg,S001-08-t10_01.jpg,0.29385194777746315,True,0.28101855225721273,False,0.29552184144318916,True,0.3692798196729492,True
S001-08-t10_02.jpg,S001-08-t10_03.jpg,0.09999161790724298,True,0.37693615018826243,False,0.16819857082816148,True,0.01436783148500198,True
S006-01-t10_01.jpg,S006-02-t10_01.jpg,0.08537149477874739,True,0.2847166924456219,False,0.48895335418574726,False,0.21295143939456618,True
S008-01-t10_01.jpg,S008-02-t10_01.jpg,0.03119083529291833,True,0.1488960158549535,False,0.2519680364071142,True,0.33439517922990314,True
S008-03-t10_01.jpg,S008-04-t10_01.jpg,0.2151195627499739,True,0.23913760246074212,False,0.2062852925911559,True,0.2961821515505261,True
S008-05-t10_01.jpg,S008-06-t10_01.jpg,0.3591909402842224,True,0.3451511167792527,False,0.7377245405477104,False,0.8016831735870843,False
S013-01-t10_01.jpg,S013-02-t10_01.jpg,0.31170966260577204,True,0.24191280956911665,False,0.7937788481935284,False,0.29104551947609436,True
S015-01-t10_01.jpg,S015-02-t10_01.jpg,0.1549065177704848,True,0.24458808368474205,False,0.6015731128584229,False,0.38543325142192153,True
S022-01-t10_01.jpg,S022-02-t10_01.jpg,0.2191048780256859,True,0.2502815198218441,False,0.7979623413341869,False,0.3658048881367806,True
S023-01-t10_01.jpg,S023-02-t10_01.jpg,0.05547730899649905,True,0.2591218281811679,False,0.2446788002454532,True,0.2851877345457349,True
S023-03-t10_01.jpg,S023-04-t10_01.jpg,0.21134340338031632,True,0.5186504658298153,False,0.720001210125776,False,0.9115144560482877,False
S027-01-t10_01.jpg,S027-01-t10_02.jpg,0.5066984334222135,False,0.6487787955269677,False,0.908453409496903,False,0.9608994052986306,False
S029-01-t10_01.jpg,S029-02-t10_01.jpg,0.14284248246259057,True,0.27806801803588,False,0.23935532724102215,True,0.3564075676934292,True
S030-01-t10_01.jpg,S030-02-t10_01.jpg,0.1690109622186805,True,0.4061310633821833,False,0.20642736264696127,True,0.28545331202317337,True
S030-03-t10_01.jpg,S030-04-t10_01.jpg,0.15106460251442733,True,0.4191208445332658,False,0.09665148075224983,True,0.2563495078503526,True
S031-01-t10_01.jpg,S031-02-t10_01.jpg,0.19647686072987247,True,0.49575533245567427,False,0.35870892919132513,True,0.39188243555880886,True
S031-03-t10_01.jpg,S031-04-t10_01.jpg,0.17276402117810896,True,0.4501647047538365,False,0.2580214082201956,True,0.35256874151124595,True
S031-05-t10_01.jpg,S031-06-t10_01.jpg,0.13121333139724356,True,0.3155094759557351,False,0.3027071846663787,True,0.25559662559861385,True
S032-01-t10_01.jpg,S032-02-t10_01.jpg,0.3306964468411506,True,0.544803422462415,False,0.6161179700232675,False,0.9053842590784399,False
S033-01-t10_01.jpg,S033-02-t10_01.jpg,0.1337405472976726,True,0.3218117416095093,False,0.26351370618526626,True,0.43991930666079104,True
S033-03-t10_01.jpg,S033-04-t10_01.jpg,0.09718596183919692,True,0.26150664448960226,False,0.19918561381489142,True,0.32030576665693566,True
S033-05-t10_01.jpg,S033-06-t10_01.jpg,0.1133756850351455,True,0.5307769092376174,False,0.3716486302763983,True,0.3652528744039183,True
S036-01-t10_01.jpg,S036-02-t10_01.jpg,0.11847379382309442,True,0.07510851397981377,True,0.146587089182858,True,0.20935136822121025,True
S044-01-t10_01.jpg,S044-02-t10_01.jpg,0.18478396974103117,True,0.37750003694314704,False,0.3817639256418407,True,0.7134643409823938,False
S044-03-t10_01.jpg,S044-04-t10_01.jpg,0.521851103165019,False,0.5636864457216924,False,1.0578395553239848,False,0.9612765665981569,False
S044-05-t10_01.jpg,S044-06-t10_01.jpg,0.15917753261038603,True,0.2717893661298414,False,0.26356067662810734,True,0.3003027882296282,True
S044-07-t10_01.jpg,S044-08-t10_01.jpg,0.27601891186726146,True,0.6454514914061884,False,0.22579621872056654,True,0.2608304255587438,True
S045-01-t10_01.jpg,S045-01-t10_02.jpg,0.42511246780990763,False,0.6675068811614681,False,1.1125031742744853,False,0.9504934693776468,False
S046-01-t10_01.jpg,S046-02-t10_01.jpg,0.1719340865201927,True,0.4621623032312425,False,0.5166034623712977,False,0.8292510632126925,False
S048-01-t10_01.jpg,S048-02-t10_01.jpg,0.09086407776682714,True,0.2844339907440123,False,0.15976626621207723,True,0.2562450460190143,True
S048-03-t10_01.jpg,S048-04-t10_01.jpg,0.08125805918126561,True,0.1794456348389205,False,0.05956261403493146,True,0.1358006169641034,True
S048-05-t10_01.jpg,S048-06-t10_01.jpg,0.07818446560369352,True,0.11108137475234525,False,0.2122470457705925,True,0.2541389620730664,True
S051-01-t10_01.jpg,S051-02-t10_01.jpg,0.21332096307276893,True,0.2671104542285272,False,0.3254194715921558,True,0.43612268028740686,True
S052-01-t10_01.jpg,S052-02-t10_01.jpg,0.45022483781903966,False,0.7875545851750929,False,0.7460743745811229,False,0.9590927013570786,False
S054-01-t10_01.jpg,S054-02-t10_01.jpg,0.1215247291592868,True,0.2032013413062418,False,0.18704902758286934,True,0.2212899697726698,True
S058-01-t10_01.jpg,S058-02-t10_01.jpg,0.1455441379947272,True,0.10930184293763612,False,0.1576631441591021,True,0.16072257274437918,True
S059-01-t10_01.jpg,S059-01-t10_02.jpg,0.6381184756144096,False,0.5293963943357414,False,0.8085838324280966,False,0.9907650569787904,False
S064-01-t10_01.jpg,S064-02-t10_01.jpg,0.42195375224512677,False,0.6306405224580476,False,0.8431879472966166,False,0.8915814099326278,False
S065-01-t10_01.jpg,S065-02-t10_01.jpg,0.20810173162975631,True,0.37178620712780264,False,0.1672763821801201,True,0.41379477829726263,True
S068-01-t10_01.jpg,S068-02-t10_01.jpg,0.08643636129043153,True,0.0508415837352898,True,0.31873657245179676,True,0.20941224914029355,True
S068-03-t10_01.jpg,S068-04-t10_01.jpg,0.12107888430296965,True,0.18092308184011585,False,0.17150640283804075,True,0.3368925851737292,True
S068-05-t10_01.jpg,S068-06-t10_01.jpg,0.055964799051159364,True,0.04074245245632879,True,0.0953643922307934,True,0.2544418412516234,True
S069-01-t10_01.jpg,S069-02-t10_01.jpg,0.3463962675677098,True,0.5863004810530261,False,0.6422639623931184,False,0.5684303828058483,True
S073-01-t10_01.jpg,S073-01-t10_02.jpg,0.2218805324062122,True,0.407708034522003,False,0.8926673821627872,False,0.8747268277694208,False
S076-01-t10_01.jpg,S076-02-t10_01.jpg,0.3388615922264123,True,0.45347908834708917,False,0.5285808932990925,False,0.8988029132600934,False
S078-01-t10_01.jpg,S078-02-t10_01.jpg,0.7106518600876202,False,0.31284358398801004,False,1.1362516906977924,False,0.9606330049298444,False
S078-02-t10_02.jpg,S078-03-t10_01.jpg,0.6039458021930648,False,0.4030929390264939,False,0.7985275320269405,False,0.9387397050571897,False
S085-01-t10_01.jpg,S085-01-t10_02.jpg,0.13111510459730458,True,0.176638513579371,False,0.057215063466994565,True,0.013881626026640781,True
S088-01-t10_01.jpg,S088-02-t10_01.jpg,0.17163562188690573,True,0.1989377124178886,False,0.2237168351268023,True,0.2941727581046495,True
S093-01-t10_01.jpg,S093-02-t10_01.jpg,0.14070381751099958,True,0.1525771683656958,False,0.21952281101253535,True,0.38171076127532855,True
S095-01-t10_01.jpg,S095-02-t10_01.jpg,0.31604237605368934,True,0.629931802125977,False,0.655091203048189,False,0.9181080851457826,False
S096-01-t10_01.jpg,S096-02-t10_01.jpg,0.16973992766934887,True,0.25851810337837755,False,0.19214228297826663,True,0.22004308129749373,True
S098-01-t10_01.jpg,S098-02-t10_01.jpg,0.15100719044022104,True,0.17889643596788485,False,0.15807962126237984,True,0.2565785349568255,True
S099-01-t10_01.jpg,S099-02-t10_01.jpg,0.07489399674229602,True,0.14535609627087553,False,0.3235230848296766,True,0.3184029744174902,True
S101-01-t10_01.jpg,S101-02-t10_01.jpg,0.12951384923501508,True,0.16535533286633153,False,0.1801871648491471,True,0.2785645720485834,True
S108-01-t10_01.jpg,S108-02-t10_01.jpg,0.41476090729544945,False,0.6877607947181014,False,0.36256241288508007,True,0.037427625137530285,True
S108-03-t10_01.jpg,S108-04-t10_01.jpg,0.06071086754952437,True,0.08171604079409944,True,0.08022920630245622,True,0.11296430540551805,True
S111-01-t10_01.jpg,S111-02-t10_01.jpg,0.6513397748777898,False,0.390184945923132,False,0.9489901428978229,False,0.9323902226547776,False
S111-03-t10_01.jpg,S111-04-t10_01.jpg,0.12583559211664963,True,0.07452211548222376,True,0.25324960746251035,True,0.2656839302336592,True
S112-01-t10_01.jpg,S112-02-t10_01.jpg,0.079056717448306,True,0.1755580615146728,False,0.1327687937659695,True,0.3308361624907561,True
S117-01-t10_01.jpg,S117-02-t10_01.jpg,0.24889903578938555,True,0.30004030923610214,False,0.4402383834443062,False,0.4237432878694064,True
S118-01-t10_01.jpg,S118-02-t10_01.jpg,0.48307808729891477,False,0.39437204070852716,False,0.4489637041304342,False,0.7305731850656646,False
S120-01-t10_01.jpg,S120-01-t10_02.jpg,0.543445654085254,False,0.7441912567750966,False,1.026515504921049,False,0.9800558646549461,False
S124-01-t10_01.jpg,S124-02-t10_01.jpg,0.10218704449558891,True,0.20126363043932405,False,0.07752010769059481,True,0.2510042335514203,True
S130-01-t10_01.jpg,S130-02-t10_01.jpg,0.2499793421632177,True,0.23654077100389526,False,0.2844981814684836,True,0.37233186828365517,True
S132-01-t10_01.jpg,S132-02-t10_01.jpg,0.6270565865418682,False,0.7322495903647219,False,0.6520415551648487,False,0.1529583967430973,True
S133-01-t10_01.jpg,S133-02-t10_01.jpg,0.11404278454514394,True,0.2117136394824528,False,0.24609375667186273,True,0.3460359458230452,True
S134-01-t10_01.jpg,S134-02-t10_01.jpg,0.09942945874367604,True,0.08175322012913044,True,0.0788768772411389,True,0.1627563072185657,True
S134-03-t10_01.jpg,S134-04-t10_01.jpg,0.1734652133255571,True,0.103669036739518,False,0.2453582919240821,True,0.24724988798925152,True
S134-05-t10_01.jpg,S134-06-t10_01.jpg,0.07817813876911295,True,0.08115201525675053,True,0.1525035428551451,True,0.18620142653180471,True
S134-07-t10_01.jpg,S134-08-t10_01.jpg,0.1095085716532791,True,0.08202933252702416,True,0.16247444318663584,True,0.2017008112579386,True
S138-01-t10_01.jpg,S138-02-t10_01.jpg,0.141331886987635,True,0.31592648199861173,False,0.07058582200723629,True,0.2218830021785636,True
S142-01-t10_01.jpg,S142-02-t10_01.jpg,0.056848087961899885,True,0.06794226298614925,True,0.050239833369159936,True,0.14413544818047108,True
S142-03-t10_01.jpg,S142-04-t10_01.jpg,0.07685154321711574,True,0.23223309696280514,False,0.11880564848387942,True,0.27151758384253555,True
S142-05-t10_01.jpg,S142-06-t10_01.jpg,0.0603259464042013,True,0.07954221152902563,True,0.062103832614004095,True,0.09248888963221269,True
S145-01-t10_01.jpg,S145-01-t10_02.jpg,0.4280442533990446,False,0.5069744297492556,False,0.33718370150540034,True,0.054154387785035896,True
S146-01-t10_01.jpg,S146-02-t10_01.jpg,0.13724502765002,True,0.19334550305504283,False,0.20658770641071333,True,0.273885618461967,True
S148-01-t10_01.jpg,S148-02-t10_01.jpg,0.13133080446722045,True,0.8148907728283228,False,0.5190315440351714,False,0.33017778607954174,True
S148-03-t10_01.jpg,S148-04-t10_01.jpg,0.11397080569085971,True,0.18068103646419187,False,0.19126217224170794,True,0.14547631352968304,True
S150-01-t10_01.jpg,S150-02-t10_01.jpg,0.24366799385915106,True,0.5748546059794266,False,0.6890371973552103,False,0.7088279490225344,False
S153-01-t10_01.jpg,S153-02-t10_01.jpg,0.19427834581234693,True,0.2963935654910279,False,0.2813976376624967,True,0.2844740847036409,True
S163-01-t10_01.jpg,S163-02-t10_01.jpg,0.31281563616181707,True,0.3477635817078861,False,0.5973556022592811,False,0.4249985771057737,True
S164-01-t10_01.jpg,S164-02-t10_01.jpg,0.36024628848903684,True,0.12073735938606311,False,0.6391784906079422,False,0.37053619165159735,True
S166-01-t10_01.jpg,S166-02-t10_01.jpg,0.45934728980308304,False,0.7327598689118612,False,0.9837990405716055,False,0.42056901405944935,True
S171-01-t10_01.jpg,S171-02-t10_01.jpg,0.16905959793695358,True,0.44452494465283465,False,0.36544804381168283,True,0.38026951608793524,True
S171-03-t10_01.jpg,S171-04-t10_01.jpg,0.5300478700804567,False,0.46568375390158223,False,0.6899848513174327,False,0.9182732927091838,False
S171-05-t10_01.jpg,S171-06-t10_01.jpg,0.23626523305418679,True,0.13426770161127,False,0.37092864781237034,True,0.2909175987263263,True
S171-07-t10_01.jpg,S171-08-t10_01.jpg,0.10239320475756764,True,0.175195749597864,False,0.18800356939173268,True,0.2906523343629731,True
S173-01-t10_01.jpg,S173-02-t10_01.jpg,0.3943387451040745,True,0.41018366801965367,False,0.86150115841471,False,0.9381429922506925,False
S174-01-t10_01.jpg,S174-02-t10_01.jpg,0.5633523900413684,False,0.47525175647344564,False,0.6080543964427914,False,0.9313137158204932,False
S174-03-t10_01.jpg,S174-04-t10_01.jpg,0.12678469632483835,True,0.1991707431767218,False,0.16387412500627718,True,0.2736958144628987,True
S180-01-t10_01.jpg,S180-01-t10_02.jpg,0.30612643737426704,True,0.5881886971647068,False,0.29250878989985774,True,0.021918910658665802,True
S182-01-t10_01.jpg,S182-02-t10_01.jpg,0.3444584273020014,True,0.4338898740066124,False,0.36632777080088486,True,0.015456984743938862,True
S185-01-t10_01.jpg,S185-02-t10_01.jpg,0.4659078123210082,False,0.8614844670115803,False,0.12214045811913843,True,0.8281110520991207,False
S185-03-t10_01.jpg,S185-04-t10_01.jpg,0.3437130223793906,True,0.3624458328381124,False,0.4281963273345859,False,0.5086991661391016,True
S190-01-t10_01.jpg,S190-02-t10_01.jpg,0.11107258005546838,True,0.16602466549271477,False,0.08108857956575144,True,0.19281112555320268,True
S191-01-t10_01.jpg,S191-02-t10_01.jpg,0.12034410298003229,True,0.19563697577222017,False,0.18443752376231293,True,0.2991350929384069,True
S193-01-t10_01.jpg,S193-02-t10_01.jpg,0.10679653211766116,True,0.11550365140899166,False,0.15214596412002912,True,0.1657883226055311,True
S194-01-t10_01.jpg,S194-02-t10_01.jpg,0.15222070031936097,True,0.10666814949846026,False,0.2289191051285605,True,0.33778608982271063,True
S195-01-t10_01.jpg,S195-02-t10_01.jpg,0.17280320796678172,True,0.20256075501610116,False,0.14106853463941638,True,0.28748571675786827,True
S195-03-t10_01.jpg,S195-04-t10_01.jpg,0.1399185560806695,True,0.3126012302483999,False,0.15273648149808483,True,0.18597565089876322,True
S198-01-t10_01.jpg,S198-02-t10_01.jpg,0.12500230953798974,True,0.19024157641206585,False,0.13641751333960328,True,0.24753902470617462,True
S198-03-t10_01.jpg,S198-04-t10_01.jpg,0.10793956815750083,True,0.28533729513635264,False,0.07762847503016912,True,0.197148527725162,True
S199-01-t10_01.jpg,S199-02-t10_01.jpg,0.031467656862778415,True,0.08304039309796185,True,0.12010777177274423,True,0.10683766295840402,True
S201-01-t10_01.jpg,S201-02-t10_01.jpg,0.06716260016689035,True,0.2111739195214848,False,0.127840577809347,True,0.29769279463366305,True
S202-01-t10_01.jpg,S202-02-t10_01.jpg,0.13889394567412439,True,0.47850907035997337,False,0.2606575727067034,True,0.33762021476731807,True
S202-03-t10_01.jpg,S202-04-t10_01.jpg,0.16591312670838676,True,0.3141203018218264,False,0.19042786623711416,True,0.23209095656621692,True
S203-01-t10_01.jpg,S203-01-t10_02.jpg,0.3866639884602764,True,0.42578152901749744,False,0.27270921583361074,True,0.03137045590456655,True
S203-02-t10_01.jpg,S203-03-t10_01.jpg,0.10019285093399155,True,0.6505206791245554,False,0.3617822940974119,True,0.41287029586433455,True
S206-01-t10_01.jpg,S206-02-t10_01.jpg,0.2543061343975066,True,0.13540545170967855,False,0.2757591975474373,True,0.3528459024495487,True
S212-01-t10_01.jpg,S212-02-t10_01.jpg,0.09261923361122093,True,0.06658735585563125,True,0.24015934520074556,True,0.2965331693691723,True
S214-01-t10_01.jpg,S214-02-t10_01.jpg,0.13736247219773268,True,0.19127750308930558,False,0.2573589281677461,True,0.3049679541510393,True
S215-01-t10_01.jpg,S215-02-t10_01.jpg,0.07384437041361547,True,0.08274271761330876,True,0.09651851114826038,True,0.1652012431633585,True
S215-03-t10_01.jpg,S215-04-t10_01.jpg,0.0906445404715488,True,0.26121997527006824,False,0.09266676094812842,True,0.2256654439903535,True
S219-01-t10_01.jpg,S219-02-t10_01.jpg,0.12810145336817236,True,0.3373564411036568,False,0.2519550699898022,True,0.3163882236003095,True
S220-01-t10_01.jpg,S220-02-t10_01.jpg,0.16048830565716332,True,0.06558215890323638,True,0.1863822335903036,True,0.18115864926157277,True
S222-01-t10_01.jpg,S222-02-t10_01.jpg,0.08962508993143381,True,0.19596237394317584,False,0.11918239323811619,True,0.21173331963792041,True
S223-01-t10_01.jpg,S223-02-t10_01.jpg,0.6917352082332697,False,0.3310163441131484,False,0.9811931782071671,False,1.0148156068244498,False
S225-01-t10_01.jpg,S225-02-t10_01.jpg,0.1521237471617507,True,0.1787653335852658,False,0.12940723127999798,True,0.25378549013781604,True
S226-01-t10_01.jpg,S226-02-t10_01.jpg,0.10245468696728754,True,0.15965037594435727,False,0.13561079822773991,True,0.281302213825265,True
S227-01-t10_01.jpg,S227-02-t10_01.jpg,0.41548248226397677,False,0.8000327795621711,False,0.6664798408387944,False,0.844948175896763,False
S228-01-t10_01.jpg,S228-02-t10_01.jpg,0.5276562267081262,False,0.7751307059411987,False,0.8637103801799391,False,0.8997299081280281,False
S232-01-t10_01.jpg,S232-02-t10_01.jpg,0.07931656288347566,True,0.1676102007357433,False,0.07734033610175994,True,0.16544917861322872,True
S236-01-t10_01.jpg,S236-02-t10_01.jpg,0.15239088414358137,True,0.3578315047636651,False,0.2332317135813885,True,0.029912625586815844,True
S239-01-t10_01.jpg,S239-02-t10_01.jpg,0.1583171500285584,True,0.1460012506176278,False,0.1504320671374082,True,0.17881402472531005,True
S240-01-t10_01.jpg,S240-02-t10_01.jpg,0.09206015472198303,True,0.0976731459853668,True,0.0955994436652281,True,0.21774234848314022,True
S243-01-t10_01.jpg,S243-02-t10_01.jpg,0.128285920434001,True,0.23797179827155135,False,0.1960062183944028,True,0.18272624249551572,True
S243-03-t10_01.jpg,S243-04-t10_01.jpg,0.0497004912406358,True,0.19640312133348348,False,0.14457484848751945,True,0.19107148090726545,True
S243-05-t10_01.jpg,S243-06-t10_01.jpg,0.08483266674560686,True,0.08009844089741702,True,0.20713327934532844,True,0.13962194895355373,True
S243-07-t10_01.jpg,S243-08-t10_01.jpg,0.09546201369721818,True,0.16928617241196453,False,0.12320380793003383,True,0.40067184791461063,True
S249-01-t10_01.jpg,S249-02-t10_01.jpg,0.08855239068390075,True,0.12940795908907143,False,0.08908009483765789,True,0.15730798646635402,True
S250-01-t10_01.jpg,S250-02-t10_01.jpg,0.25630993916881417,True,0.5888905411321319,False,0.5193022264775331,False,0.35204262777907547,True
S253-01-t10_01.jpg,S253-02-t10_01.jpg,0.023349678170909827,True,0.05957013856227544,True,0.06204494993093146,True,0.0625952497407305,True
S253-03-t10_01.jpg,S253-04-t10_01.jpg,0.266964711207221,True,0.41644880908779014,False,0.5655437428374628,False,0.8745476283216116,False
S254-01-t10_01.jpg,S254-02-t10_01.jpg,0.21800468163417197,True,0.5838491104019992,False,0.25520724121168703,True,0.4021347187599851,True
S256-01-t10_01.jpg,S256-02-t10_01.jpg,0.09400013909101501,True,0.24607441859932688,False,0.09077460455787367,True,0.2296310803645576,True
S258-01-t10_01.jpg,S258-02-t10_01.jpg,0.19020575316396882,True,0.25258831581730345,False,0.3148567534787502,True,0.5363920539159207,True
S259-01-t10_01.jpg,S259-02-t10_01.jpg,0.5500981800981728,False,0.38819406759138564,False,0.9399244416688955,False,0.8284903876125512,False
S261-01-t10_01.jpg,S261-02-t10_01.jpg,0.22815180483519948,True,0.3588237098497091,False,0.2740700059169634,True,0.4407800955934721,True
S263-01-t10_01.jpg,S263-01-t10_02.jpg,0.7019097898286428,False,0.7101744905009862,False,0.8194418840063316,False,0.98652564758731,False
S270-01-t10_01.jpg,S270-01-t10_02.jpg,0.49838960223869355,False,0.7679986144313908,False,0.353194789278661,True,0.02216535422322219,True
S272-01-t10_01.jpg,S272-02-t10_01.jpg,0.16451605155823668,True,0.15874075522980002,False,0.24215235118387757,True,0.28837379801974816,True
S273-01-t10_01.jpg,S273-02-t10_01.jpg,0.053621179735841906,True,0.16405201843700623,False,0.1088291024719058,True,0.3569777584068563,True
S273-03-t10_01.jpg,S273-04-t10_01.jpg,0.1274149031764531,True,0.5712937071700758,False,0.17866177992908483,True,0.48947218296909545,True
S280-01-t10_01.jpg,S280-02-t10_01.jpg,0.07626800321762806,True,0.11311147550350109,False,0.22027911333593708,True,0.20682553128701975,True
S280-03-t10_01.jpg,S280-04-t10_01.jpg,0.06434623654477734,True,0.21440625306416772,False,0.10744767120143195,True,0.23135991400127487,True
S280-05-t10_01.jpg,S280-06-t10_01.jpg,0.0587798672338391,True,0.11824812812868868,False,0.06946822179952439,True,0.0646387288983783,True
S280-07-t10_01.jpg,S280-08-t10_01.jpg,0.11426871722374199,True,0.07218910316036586,True,0.17140206073912234,True,0.254497330932029,True
S280-09-t10_01.jpg,S280-10-t10_01.jpg,0.07044652619884795,True,0.15233268836046987,False,0.11316660204011564,True,0.16524495905104375,True
S282-01-t10_01.jpg,S282-02-t10_01.jpg,0.24006268160295263,True,0.18840251015403076,False,0.16278037353497687,True,0.3838414764825815,True
S283-01-t10_01.jpg,S283-02-t10_01.jpg,0.08667967434721469,True,0.2329242153377239,False,0.17720274039722517,True,0.16885259130102526,True
S284-01-t10_01.jpg,S284-01-t10_02.jpg,0.6534404762578483,False,0.747479411885333,False,1.0209389188918219,False,0.9893083780057483,False
S284-02-t10_01.jpg,S284-02-t10_02.jpg,0.5045740757632333,False,0.7730796493996164,False,0.8934912975432886,False,0.8307425039252265,False
S285-01-t10_01.jpg,S285-01-t10_02.jpg,0.5249639299618527,False,0.41859038554344064,False,0.4116564724898133,False,0.037659116137369275,True
S288-01-t10_01.jpg,S288-02-t10_01.jpg,0.15968402125920422,True,0.20281772866388192,False,0.16210938799749008,True,0.3260861818933206,True
S288-03-t10_01.jpg,S288-04-t10_01.jpg,0.084197355405212,True,0.10498650085617389,False,0.163029717062124,True,0.2551874974818965,True
S291-01-t10_01.jpg,S291-02-t10_01.jpg,0.39705457032740143,True,0.3790496699967152,False,0.8430018411800548,False,0.9712866480251318,False
S295-01-t10_01.jpg,S295-01-t10_02.jpg,0.612906272220636,False,0.6712414994160945,False,0.9672657083324592,False,0.9971570473901575,False
S296-01-t10_01.jpg,S296-02-t10_01.jpg,0.11277167572747271,True,0.08074713720749094,True,0.12425181399688434,True,0.2513686262184365,True
S296-03-t10_01.jpg,S296-04-t10_01.jpg,0.21833779220995797,True,0.271667230442045,False,0.1791240272630692,True,0.32833824606881623,True
S296-05-t10_01.jpg,S296-06-t10_01.jpg,0.05322835818689098,True,0.06458522802291589,True,0.07409275781202529,True,0.11129663434879578,True
S296-07-t10_01.jpg,S296-08-t10_01.jpg,0.13518318848870037,True,0.17383765545689167,False,0.12610129344687904,True,0.3152001593815438,True
S296-09-t10_01.jpg,S296-10-t10_01.jpg,0.11973289438089851,True,0.22172576703320934,False,0.12326205344722896,True,0.2279058362592219,True
S297-01-t10_01.jpg,S297-02-t10_01.jpg,0.2821828285556376,True,0.6856515682685234,False,0.32518905086646877,True,0.34428250144558803,True
S300-01-t10_01.jpg,S300-02-t10_01.jpg,0.29783465488641225,True,0.571264577210655,False,0.7173084983185782,False,0.589731801745778,True
S304-01-t10_01.jpg,S304-02-t10_01.jpg,0.15110556441678458,True,0.40850705098087703,False,0.27624631016253376,True,0.3934224852397783,True
S307-01-t10_01.jpg,S307-01-t10_02.jpg,0.3467246756827558,True,0.44410934274718716,False,0.45459356612900426,False,0.03301255168457551,True
S309-01-t10_01.jpg,S309-02-t10_01.jpg,0.1692025449110367,True,0.38325082281197476,False,0.28161890996661,True,0.37043301944336626,True
S309-03-t10_01.jpg,S309-04-t10_01.jpg,0.04550529581883911,True,0.11355223353356247,False,0.06442230804785454,True,0.0995156270203551,True
S310-01-t10_01.jpg,S310-02-t10_01.jpg,0.2313298298478389,True,0.16455822288685107,False,0.2668027426732592,True,0.5081876262683158,True
S310-03-t10_01.jpg,S310-04-t10_01.jpg,0.3430661965201547,True,0.12385674412559688,False,0.43630689778722964,False,0.3712800156006182,True
S313-01-t10_01.jpg,S313-02-t10_01.jpg,0.062333645406653426,True,0.055605044125556446,True,0.0789568529301844,True,0.140902353294868,True
S315-01-t10_01.jpg,S315-01-t10_02.jpg,0.4907003406470355,False,0.9583401289193639,False,0.8877267928917629,False,1.0065784093956947,False
S315-02-t10_01.jpg,S315-02-t10_02.jpg,0.6531338919591623,False,0.5803991963708858,False,0.9658060913041498,False,1.0004407610417174,False
S316-01-t10_01.jpg,S316-02-t10_01.jpg,0.3401163155658411,True,0.2632032887276403,False,0.5139287540439378,False,0.4275853235656133,True
S316-03-t10_01.jpg,S316-04-t10_01.jpg,0.09720624986060311,True,0.1872486805364979,False,0.4825045427236866,False,0.23014466410977918,True
S316-05-t10_01.jpg,S316-06-t10_01.jpg,0.24208498862975059,True,0.19095496017966518,False,0.35613787714600675,True,0.296748674623707,True
S316-07-t10_01.jpg,S316-08-t10_01.jpg,0.09597533428360538,True,0.1577787197070225,False,0.08967613823792864,True,0.22082183322549787,True
S321-01-t10_01.jpg,S321-02-t10_01.jpg,0.152276822397291,True,0.43880426949641194,False,0.26658098260076624,True,0.5163181652232949,True
S321-03-t10_01.jpg,S321-03-t10_02.jpg,0.5254197258132893,False,0.725248705223468,False,0.9364731764061063,False,0.99337523904102,False
S324-01-t10_01.jpg,S324-02-t10_01.jpg,0.09067870186954818,True,0.1424468867495926,False,0.062690310294922,True,0.12121278423561221,True
S325-01-t10_01.jpg,S325-01-t10_02.jpg,0.6192803959044,False,0.6340185991579603,False,0.7805024016473684,False,0.9939396445032167,False
S331-01-t10_01.jpg,S331-02-t10_01.jpg,0.2929165557282295,True,0.15210520788768578,False,0.23134893435869464,True,0.3272771353746746,True
S333-01-t10_01.jpg,S333-02-t10_01.jpg,0.12290265454582217,True,0.0492579533271712,True,0.17999272209869877,True,0.28083382076032226,True
S335-01-t10_01.jpg,S335-02-t10_01.jpg,0.23575970872965735,True,0.7409245045769295,False,0.7995927440565007,False,0.9261411025711566,False
S336-01-t10_01.jpg,S336-02-t10_01.jpg,0.29984048777345074,True,0.4194057000256487,False,0.5733776321637161,False,0.5154571986319414,True
S341-01-t10_01.jpg,S341-02-t10_01.jpg,0.10275405006885774,True,0.2674484239716757,False,0.22167625700661064,True,0.36604802455985264,True
S346-01-t10_01.jpg,S346-02-t10_01.jpg,0.1079512716112826,True,0.11543480387180771,False,0.11283970884394634,True,0.21517266616191721,True
S350-01-t10_01.jpg,S350-02-t10_01.jpg,0.21694734730434473,True,0.39443104996827905,False,0.41490217043627053,False,0.5195249141325117,True
S351-01-t10_01.jpg,S351-02-t10_01.jpg,0.10338793199688168,True,0.2680278017236465,False,0.1381196236060407,True,0.1909214785097535,True
S352-01-t10_01.jpg,S352-02-t10_01.jpg,0.09111956439115132,True,0.17678754657823825,False,0.19065607670859686,True,0.21059006125686253,True
S352-03-t10_01.jpg,S352-04-t10_01.jpg,0.10787253109939332,True,0.2982778418374219,False,0.24399118458570124,True,0.18811711129107678,True
S353-01-t10_01.jpg,S353-02-t10_01.jpg,0.06516599791168631,True,0.14196631627429013,False,0.11725499010320728,True,0.2367846560480943,True
S353-03-t10_01.jpg,S353-04-t10_01.jpg,0.16642848100851526,True,0.21801984975834243,False,0.41374627406972464,False,0.4063338499929434,True
S353-05-t10_01.jpg,S353-06-t10_01.jpg,0.19282984256857028,True,0.49322457696139876,False,0.09182148460408701,True,0.2781887073300082,True
S353-07-t10_01.jpg,S353-08-t10_01.jpg,0.06596312964135254,True,0.30240700457826886,False,0.0941013660645258,True,0.19920918544404087,True
S354-01-t10_01.jpg,S354-02-t10_01.jpg,0.45320384615607523,False,0.5910897045402381,False,0.9165448714243625,False,0.9482354199738106,False
S354-03-t10_01.jpg,S354-04-t10_01.jpg,0.4278146437136904,False,0.4046170615306657,False,0.9209318449867087,False,0.9268567605695677,False
S355-01-t10_01.jpg,S355-02-t10_01.jpg,0.1461197509536616,True,0.26622560724721156,False,0.1550760091971215,True,0.2767364702289603,True
S357-01-t10_01.jpg,S357-02-t10_01.jpg,0.2228358279613063,True,0.5907590181357083,False,0.7261806755492902,False,0.759188838037646,False
S364-01-t10_01.jpg,S364-02-t10_01.jpg,0.09309645259546251,True,0.2326129807745282,False,0.2937012616427572,True,0.25237745100045206,True
S367-01-t10_01.jpg,S367-02-t10_01.jpg,0.1831379189388168,True,0.25669797870878097,False,0.3268995911658401,True,0.25892977431674824,True
S373-01-t10_01.jpg,S373-02-t10_01.jpg,0.6016468815216112,False,0.7338831712352566,False,0.7556252315418936,False,0.961358823599504,False
S373-03-t10_01.jpg,S373-04-t10_01.jpg,0.42784852656385464,False,0.5081874893369448,False,0.46076700344793997,False,0.972945542509684,False
S373-05-t10_01.jpg,S373-06-t10_01.jpg,0.0867875127256198,True,0.10727222740026698,False,0.10628089931076112,True,0.3327648292646541,True
S375-01-t10_01.jpg,S375-02-t10_01.jpg,0.10416019112414387,True,0.11583238994848599,False,0.18146629264408343,True,0.26851699447227617,True
S376-01-t10_01.jpg,S376-02-t10_01.jpg,0.47796291385759915,False,0.5758083338921532,False,0.6930190530630055,False,0.8968628372832179,False
S380-01-t10_01.jpg,S380-02-t10_01.jpg,0.17852635458362365,True,0.19789178715831834,False,0.5812198374836228,False,0.22808895575498356,True
S380-03-t10_01.jpg,S380-04-t10_01.jpg,0.04753954052329057,True,0.20428798824810135,False,0.25949488774945895,True,0.19452529233654448,True
S380-05-t10_01.jpg,S380-06-t10_01.jpg,0.22363417469244318,True,0.3386814479886099,False,0.303487021184651,True,0.4528744212749517,True
S381-01-t10_01.jpg,S381-02-t10_01.jpg,0.12006593623484418,True,0.7440293847136851,False,0.18399397200751644,True,0.38041863019318556,True
S382-01-t10_01.jpg,S382-02-t10_01.jpg,0.11594764842474226,True,0.5599183467748124,False,0.11615317768952527,True,0.20758289191340562,True
S382-03-t10_01.jpg,S382-04-t10_01.jpg,0.10091660754910681,True,0.16419228547331832,False,0.13656273437657507,True,0.2474634844413669,True
S382-05-t10_01.jpg,S382-06-t10_01.jpg,0.1429007438953852,True,0.3100842633238534,False,0.0862070279893441,True,0.2656130252728358,True
S382-07-t10_01.jpg,S382-08-t10_01.jpg,0.14072716097771487,True,0.5804835543244151,False,0.30776103505855834,True,0.20438342301715018,True
S382-09-t10_01.jpg,S382-10-t10_01.jpg,0.07759903657513845,True,0.22077502895765144,False,0.1866329519657547,True,0.1587833421347956,True
S383-01-t10_01.jpg,S383-02-t10_01.jpg,0.1131746556076142,True,0.18023631515127925,False,0.16381882676536164,True,0.30899148609848326,True
S384-01-t10_01.jpg,S384-02-t10_01.jpg,0.7221869610558884,False,0.40088138270506146,False,0.9975536507599007,False,0.9641217806214,False
S385-01-t10_01.jpg,S385-02-t10_01.jpg,0.32423725800091097,True,0.5716269710237885,False,0.5207744177067699,False,0.45975565159133625,True
S386-01-t10_01.jpg,S386-02-t10_01.jpg,0.16689206588275585,True,0.19824577808998967,False,0.32703831024482555,True,0.25278440813185976,True
S386-03-t10_01.jpg,S386-04-t10_01.jpg,0.6236768132840945,False,0.701506124052489,False,0.9567265101404001,False,0.9534437975075923,False
S386-05-t10_01.jpg,S386-06-t10_01.jpg,0.24988178705571373,True,0.40009505586049465,False,0.39519017067833373,True,0.4796421663153676,True
S386-07-t10_01.jpg,S386-08-t10_01.jpg,0.8100684423600935,False,0.6989736792879225,False,1.0511687905022584,False,1.0133490994198993,False
S387-01-t10_01.jpg,S387-02-t10_01.jpg,0.17909762125407924,True,0.43964323032815134,False,0.20416139809200207,True,0.42892931281793467,True
S388-01-t10_01.jpg,S388-02-t10_01.jpg,0.10772896666514109,True,0.2875418355592425,False,0.128104395891399,True,0.2273285668071674,True
S388-03-t10_01.jpg,S388-04-t10_01.jpg,0.18267311932373276,True,0.6179586111234419,False,0.1341710838470741,True,0.2942012703254613,True
S388-05-t10_01.jpg,S388-06-t10_01.jpg,0.16357678443105528,True,0.10651872769396298,False,0.09630162723656022,True,0.24351475229024044,True
S388-07-t10_01.jpg,S388-08-t10_01.jpg,0.12508994588044087,True,0.16700648316446698,False,0.1010481419517516,True,0.26345762890864466,True
S388-09-t10_01.jpg,S388-10-t10_01.jpg,0.0829954321274341,True,0.10234210198350824,False,0.15921076236733656,True,0.363126166203224,True
S388-11-t10_01.jpg,S388-12-t10_01.jpg,0.21083470507678181,True,0.37469194802956685,False,0.37434382325315063,True,0.7540243758185442,False
S388-13-t10_01.jpg,S388-14-t10_01.jpg,0.08964777011128977,True,0.17496657558469397,False,0.10775870154622891,True,0.33278670924842824,True
S388-15-t10_01.jpg,S388-16-t10_01.jpg,0.16788920358801007,True,0.27314075259460124,False,0.7002820397194409,False,0.9416340176365812,False
S388-17-t10_01.jpg,S388-18-t10_01.jpg,0.1676478181641533,True,0.4081319320187712,False,0.09801019201685424,True,0.30146186379086815,True
S389-01-t10_01.jpg,S389-02-t10_01.jpg,0.10244822525344977,True,0.47710252654380503,False,0.07884677472010493,True,0.21333521561772473,True
S390-01-t10_01.jpg,S390-02-t10_01.jpg,0.10975617960857464,True,0.10606782536155046,False,0.12056766240987815,True,0.16198042043059524,True
S391-01-t10_01.jpg,S391-02-t10_01.jpg,0.07616904064544938,True,0.28928416246029254,False,0.4733798631852225,False,0.16191744536933406,True
S392-01-t10_01.jpg,S392-02-t10_01.jpg,0.4079980641176112,False,0.5645326268468145,False,0.5210430710055722,False,0.9798750427044697,False
S392-03-t10_01.jpg,S392-04-t10_01.jpg,0.4758118462513039,False,0.6751998264893833,False,0.8025250254131141,False,0.9492614182544725,False
S392-05-t10_01.jpg,S392-06-t10_01.jpg,0.5528893377800126,False,0.6769132375774621,False,0.6504493449055787,False,0.991997991972222,False
S392-07-t10_01.jpg,S392-08-t10_01.jpg,0.1828182753211749,True,0.22858828701280476,False,0.17376386238516284,True,0.268934291494612,True
S393-01-t10_01.jpg,S393-02-t10_01.jpg,0.48191358865245015,False,0.3152925238014783,False,1.0110457011977005,False,0.9508676997515269,False
S393-03-t10_01.jpg,S393-04-t10_01.jpg,0.5499893609084591,False,0.8756469425244571,False,0.5262248290700371,False,0.8916038830623789,False
S394-01-t10_01.jpg,S394-02-t10_01.jpg,0.05686053636521127,True,0.046434112253289306,True,0.1375537654081601,True,0.15973246843755173,True
S394-03-t10_01.jpg,S394-04-t10_01.jpg,0.608042430498032,False,0.5580347990334618,False,0.8661362326871955,False,0.9738157842022349,False
S395-01-t10_01.jpg,S395-02-t10_01.jpg,0.1575029211115253,True,0.2514341112513445,False,0.14980504678384687,True,0.14056320569693814,True
S396-01-t10_01.jpg,S396-02-t10_01.jpg,0.06462839589705394,True,0.26776603295055446,False,0.08564963365055689,True,0.1400616615582687,True
S396-03-t10_01.jpg,S396-04-t10_01.jpg,0.05146608652266971,True,0.33603780486758317,False,0.09065944020211347,True,0.2102326213897654,True
S396-05-t10_01.jpg,S396-06-t10_01.jpg,0.08429813779510986,True,0.26923163559559526,False,0.15162964911405385,True,0.21931647769844198,True
S396-07-t10_01.jpg,S396-08-t10_01.jpg,0.1838300076472822,True,0.3718618710820042,False,0.15404972036953002,True,0.3366968288302262,True
S396-09-t10_01.jpg,S396-10-t10_01.jpg,0.15551230605795197,True,0.09390749714434088,True,0.36390625868713034,True,0.40680048342637043,True
S397-02-t10_01.jpg,S397-02-t10_02.jpg,0.5588062491002661,False,0.5150922306591905,False,1.0261830795768363,False,1.0139438703149688,False
S397-03-t10_01.jpg,S397-03-t10_02.jpg,0.551173116016753,False,0.44999709154697554,False,0.9459398222033559,False,0.9839862967844377,False
S398-01-t10_01.jpg,S398-02-t10_01.jpg,0.13184729885805235,True,0.12897348288332633,False,0.5539259999540488,False,0.3370956313848458,True
S399-01-t10_01.jpg,S399-02-t10_01.jpg,0.19693216387057433,True,0.6004427011368425,False,0.49775899701453175,False,0.5148646276813318,True
S399-03-t10_01.jpg,S399-04-t10_01.jpg,0.17465762107426153,True,0.6100540973152502,False,0.25824976259836796,True,0.4985273718499612,True
S399-05-t10_01.jpg,S399-06-t10_01.jpg,0.2192543870879926,True,0.39991038058868733,False,0.20758975087480236,True,0.5050543563053012,True
S402-01-t10_01.jpg,S402-02-t10_01.jpg,0.19763827804190404,True,0.31554127718627134,False,0.22809194750901218,True,0.3250707147055085,True
S403-01-t10_01.jpg,S403-03-t10_01.jpg,0.15173162965106546,True,0.14145687326400191,False,0.2860825128062163,True,0.3836290166708841,True
S404-01-t10_01.jpg,S404-02-t10_01.jpg,0.07063634488588189,True,0.26102846945711355,False,0.06199421655749249,True,0.17237773808260104,True
S404-03-t10_01.jpg,S404-04-t10_01.jpg,0.08229834235974154,True,0.21851288578377293,False,0.04253599556426568,True,0.14710346182930012,True
S404-05-t10_01.jpg,S404-06-t10_01.jpg,0.21960522440247665,True,0.1514038357945654,False,0.35366833341186155,True,0.2890462604818689,True
S404-07-t10_01.jpg,S404-08-t10_01.jpg,0.14458440270628914,True,0.10383188070178795,False,0.12469872344506983,True,0.25083760682006895,True
S404-09-t10_01.jpg,S404-10-t10_01.jpg,0.08201785568096598,True,0.10137957464462632,False,0.10390855103802643,True,0.2534490571140746,True
S404-11-t10_01.jpg,S404-12-t10_01.jpg,0.08545514198739768,True,0.1612615492552536,False,0.13164581188272817,True,0.31819522995355876,True
S407-01-t10_01.jpg,S407-02-t10_01.jpg,0.37092924236068614,True,0.6133431964717241,False,0.46705618408962934,False,0.7415758113215015,False
S407-03-t10_01.jpg,S407-03-t10_02.jpg,0.656373393745466,False,0.5985681892250523,False,1.1449195786093154,False,0.9764431853012554,False
S409-01-t10_01.jpg,S409-02-t10_01.jpg,0.08990846688475995,True,0.22204962435211417,False,0.1379010519287942,True,0.3753651483185,True
S409-03-t10_01.jpg,S409-04-t10_01.jpg,0.11150381146244237,True,0.21942562037738078,False,0.07927546712148814,True,0.2871599741466746,True
S409-05-t10_01.jpg,S409-06-t10_01.jpg,0.4117643880596984,False,0.34128336068950027,False,0.8774605828342092,False,0.9399118283936655,False
S409-07-t10_01.jpg,S409-08-t10_01.jpg,0.14372868501591118,True,0.32620522456785117,False,0.15634877864486574,True,0.3916938141467564,True
S409-09-t10_01.jpg,S409-10-t10_01.jpg,0.11078033227725947,True,0.2632121500970479,False,0.13549274313230653,True,0.32729674544693577,True
S412-01-t10_01.jpg,S412-02-t10_01.jpg,0.20305227961937067,True,0.3514101185432885,False,0.2230354992624839,True,0.35412461258835815,True
S413-01-t10_01.jpg,S413-03-t10_01.jpg,0.11841823363598558,True,0.30244093061645083,False,0.1787264281074873,True,0.2521481714292495,True
S413-04-t10_01.jpg,S413-05-t10_01.jpg,0.10438267747163266,True,0.16554564273074934,False,0.22878663614651773,True,0.2523271033155352,True
S413-06-t10_01.jpg,S413-07-t10_01.jpg,0.0825115031111201,True,0.3149164824391327,False,0.06912204028844171,True,0.1821180350000765,True
S413-08-t10_01.jpg,S413-09-t10_01.jpg,0.2578165527579338,True,0.4729424846510698,False,0.24529805732357302,True,0.3086775855723213,True
S414-01-t10_01.jpg,S414-02-t10_01.jpg,0.06406001888321156,True,0.26855111228014383,False,0.16632403259801565,True,0.225076967174616,True
S414-03-t10_01.jpg,S414-04-t10_01.jpg,0.054494083287207395,True,0.12296360824051589,False,0.14464764683776743,True,0.23454018086870587,True
S414-05-t10_01.jpg,S414-06-t10_01.jpg,0.6180919546973456,False,0.6311999719130477,False,0.8589993899069993,False,0.9268950372972375,False
S414-07-t10_01.jpg,S414-08-t10_01.jpg,0.6456594108031554,False,0.5020961710089087,False,1.1031450066732003,False,0.9986449380400121,False
S414-09-t10_01.jpg,S414-10-t10_01.jpg,0.19454344976851612,True,0.79215381170915,False,0.27689907737888697,True,0.3591398993520887,True
S416-01-t10_01.jpg,S416-02-t10_01.jpg,0.09942317849174653,True,0.12637907666477988,False,0.25004586921054905,True,0.1817484039412407,True
S421-01-t10_01.jpg,S421-02-t10_01.jpg,0.10438866358778032,True,0.0798707002113832,True,0.06873053342215418,True,0.17773121861945917,True
S422-01-t10_01.jpg,S422-02-t10_01.jpg,0.2111436921501968,True,0.4272904744333069,False,0.7170323597557592,False,0.9000440225462589,False
S422-03-t10_01.jpg,S422-04-t10_01.jpg,0.3223145732164051,True,0.7545996101192973,False,0.3058979585926235,True,0.5304556156977636,True
S426-01-t10_01.jpg,S426-01-t10_02.jpg,0.6200727124090075,False,0.6584737802531712,False,0.8023655336391229,False,0.8970443743127201,False
S426-02-t10_01.jpg,S426-02-t10_02.jpg,0.6428426850808686,False,0.7358745099740955,False,0.7425586484877488,False,0.9718074277755908,False
S429-01-t10_01.jpg,S429-02-t10_01.jpg,0.7504310238625176,False,0.506790546066979,False,0.9404910040272006,False,0.9514617655623676,False
S429-03-t10_01.jpg,S429-04-t10_01.jpg,0.2339200205818317,True,0.33273241115938257,False,0.33491748211651284,True,0.0284405596310926,True
S429-05-t10_01.jpg,S429-06-t10_01.jpg,0.7311468672240339,False,0.5609254622469038,False,0.8558390004001143,False,0.951133043846207,False
S429-07-t10_01.jpg,S429-08-t10_01.jpg,0.09046352822036263,True,0.19424293353837163,False,0.17200377631249286,True,0.257198909857313,True
S429-09-t10_01.jpg,S429-10-t10_01.jpg,0.3484467822721923,True,0.48629024373703567,False,0.3018840521157896,True,0.02023440979911606,True
S430-01-t10_01.jpg,S430-02-t10_01.jpg,0.16686474416128338,True,0.3311506267491934,False,0.17712886767149238,True,0.3440213021015013,True
S430-03-t10_01.jpg,S430-04-t10_01.jpg,0.11865230398555338,True,0.13807703248957315,False,0.18773506088513314,True,0.29898201795848456,True
S430-05-t10_01.jpg,S430-06-t10_01.jpg,0.2990654978637305,True,0.5156645470818895,False,0.40056209512499186,False,0.9727867436419753,False
S433-01-t10_01.jpg,S433-02-t10_01.jpg,0.20794522452869268,True,0.12395385696558114,False,0.1658420573413747,True,0.46626998106916606,True
S433-03-t10_01.jpg,S433-04-t10_01.jpg,0.35467036385057626,True,0.3751108787653512,False,0.7109469389059194,False,0.9831729993531824,False
S434-01-t10_01.jpg,S434-02-t10_01.jpg,0.20223744271890742,True,0.46852428219259357,False,0.43330861230864837,False,0.36578944797786683,True
S435-01-t10_01.jpg,S435-02-t10_01.jpg,0.16658758921687655,True,0.17479109315485775,False,0.19912216385667425,True,0.26776904698082604,True
S436-01-t10_01.jpg,S436-02-t10_01.jpg,0.3809615206120859,True,0.9093172231915655,False,0.7074353055571394,False,0.9210850038922125,False
S439-06-t10_01.jpg,S439-07-t10_01.jpg,0.17115841342403715,True,0.18458836643318155,False,0.7940831027724254,False,0.35830460502293826,True
S445-01-t10_01.jpg,S445-02-t10_01.jpg,0.5674089937634749,False,0.5763950378050073,False,1.1423116061030418,False,0.9482720629765091,False
S447-01-t10_01.jpg,S447-02-t10_01.jpg,0.16830977152862492,True,0.39858809971671627,False,0.18886497212304287,True,0.42461295342806504,True
S447-03-t10_01.jpg,S447-04-t10_01.jpg,0.08909355865788327,True,0.15441293269906653,False,0.09809566819562521,True,0.22228942655871287,True
S448-01-t10_01.jpg,S448-02-t10_01.jpg,0.25570909522001684,True,0.23774782444221487,False,0.36694527127056265,True,0.496920120941193,True
S449-03-t10_02.jpg,S449-04-t10_01.jpg,0.5270485813957371,False,0.6279459285354019,False,0.856758391411556,False,0.9636608262078652,False
S453-01-t10_01.jpg,S453-02-t10_01.jpg,0.14200526248635592,True,0.3394983308859192,False,0.09274016793872764,True,0.17148967927027825,True
S453-03-t10_01.jpg,S453-04-t10_01.jpg,0.15213860676924218,True,0.19009352269266389,False,0.1313898048289448,True,0.22092583828727796,True
S453-05-t10_01.jpg,S453-06-t10_01.jpg,0.3436712085799053,True,0.3983157707433639,False,0.4660515298578505,False,0.43531822087900085,True
S453-07-t10_01.jpg,S453-09-t10_01.jpg,0.16604470362776902,True,0.2914844381600049,False,0.21212073963661449,True,0.284328899999316,True
S453-10-t10_01.jpg,S453-11-t10_01.jpg,0.12955741524844833,True,0.4374462394590939,False,0.2418688660782079,True,0.4179361021752299,True
S453-11-t10_02.jpg,S453-11-t10_03.jpg,0.06549722514556156,True,0.252994705710192,False,0.027380123313232363,True,0.00876236180478518,True
S453-12-t10_01.jpg,S453-13-t10_01.jpg,0.25854402127094256,True,0.7498178387542993,False,0.49405046019265764,False,0.8854541598524183,False
S453-14-t10_01.jpg,S453-15-t10_01.jpg,0.30908785889330137,True,0.5932261407750634,False,0.5825391829106903,False,0.9349047338912976,False
S454-01-t10_01.jpg,S454-02-t10_01.jpg,0.048371681356281115,True,0.48979770452828475,False,0.06266587395413759,True,0.13025163119689065,True
S455-01-t10_01.jpg,S455-01-t10_02.jpg,0.5738109224160617,False,0.7140557121395121,False,1.0044726206438566,False,0.936210164426319,False
S456-01-t10_01.jpg,S456-02-t10_01.jpg,0.25985322842806124,True,0.23237022717493105,False,0.7584443986344982,False,0.45784852053839,True
S457-01-t10_01.jpg,S457-02-t10_01.jpg,0.04848690992642679,True,0.17778085640273622,False,0.18287915423508194,True,0.16870566779666918,True
S457-03-t10_01.jpg,S457-04-t10_01.jpg,0.14200017114041097,True,0.06752305016036875,True,0.14731016727472412,True,0.2641368315838891,True
S460-01-t10_01.jpg,S460-02-t10_01.jpg,0.559689161870639,False,0.6263230248630212,False,0.7131484462869928,False,1.0058567021341456,False
S461-01-t10_01.jpg,S461-02-t10_01.jpg,0.3318853794379738,True,0.22307530140063037,False,0.6576108025704885,False,0.5112283883384883,True
S461-03-t10_01.jpg,S461-04-t10_01.jpg,0.12884921290803564,True,0.3025526702522877,False,0.12906516118367817,True,0.1888070735577022,True
S461-05-t10_01.jpg,S461-06-t10_01.jpg,0.49328454248685705,False,0.5206121633152563,False,0.9285568198768355,False,0.9090532655660644,False
S461-07-t10_01.jpg,S461-08-t10_01.jpg,0.38645545040329143,True,0.6653529191536018,False,0.8172825220851766,False,0.8241369753506926,False
S461-09-t10_01.jpg,S461-10-t10_01.jpg,0.11997741470953538,True,0.6001566339227471,False,0.7075973445550714,False,0.2710160566261033,True
S463-01-t10_01.jpg,S463-02-t10_02.jpg,0.5086828674675112,False,0.5361168418909149,False,0.8117267741903886,False,0.9911724534608937,False
S464-01-t10_01.jpg,S464-01-t10_02.jpg,0.42043307059495283,False,0.5921410841016437,False,0.13219700912134646,True,0.010734344239745175,True
S468-01-t10_01.jpg,S468-01-t10_02.jpg,0.47500809373537733,False,0.6388409780186026,False,0.8912463831853052,False,1.0062533980591781,False
S468-02-t10_01.jpg,S468-02-t10_02.jpg,0.3694989720014641,True,0.3795593682892321,False,0.7819270486972244,False,0.9960625093569111,False
S469-03-t10_01.jpg,S469-05-t10_01.jpg,0.3996981522187585,True,0.4601524733694685,False,0.27113848035328914,True,0.9028931620229526,False
S470-01-t10_01.jpg,S470-02-t10_01.jpg,0.23767601731078336,True,0.4775359948541241,False,0.39229669875696294,True,0.41930617458956754,True
S472-02-t10_01.jpg,S472-03-t10_01.jpg,0.17437603763778187,True,0.15255371602406775,False,0.17945647158057987,True,0.3913545106428665,True
S474-01-t10_01.jpg,S474-02-t10_01.jpg,0.5519295870028068,False,0.4978334732136407,False,0.9366353829732988,False,0.8666404381597598,False
S477-01-t10_01.jpg,S477-02-t10_01.jpg,0.05083497577169549,True,0.16805438012536733,False,0.2104381125515128,True,0.15524366928652455,True
S479-01-t10_01.jpg,S479-02-t10_01.jpg,0.0975178191051207,True,0.17258364865766618,False,0.11343830006723943,True,0.24983709132732812,True
S480-01-t10_01.jpg,S480-03-t10_01.jpg,0.16104277104463505,True,0.20023421508484085,False,0.18777498711578366,True,0.38974828648659077,True
S483-01-t10_01.jpg,S483-02-t10_01.jpg,0.2521630652888345,True,0.4045589945867957,False,0.36553983153414116,True,0.5735604810353824,True
S400-01-t10_01.jpg,S400-02-t10_01.jpg,0.10488387082751915,True,0.1519776931731014,False,0.08817151931972422,True,0.19804357048220256,True
S401-01-t10_01.jpg,S401-02-t10_01.jpg,0.07443850389926299,True,0.11811408336003182,False,0.16634736659842353,True,0.3169936922645017,True
S401-03-t10_01.jpg,S401-04-t10_01.jpg,0.08500787517859565,True,0.1288855369937134,False,0.13955748949843283,True,0.21907491762069575,True
S401-05-t10_01.jpg,S401-06-t10_01.jpg,0.026567588073593162,True,0.12186622424178994,False,0.0559237843831254,True,0.0873582463107534,True
S401-07-t10_01.jpg,S401-08-t10_01.jpg,0.5354614624601003,False,0.42282820723041714,False,0.8480913196330966,False,1.0330414933141199,False
S405-01-t10_01.jpg,S405-02-t10_01.jpg,0.38460695741091977,True,0.29245703027323766,False,0.3852536588871268,True,0.5016995017824881,True
S405-03-t10_01.jpg,S405-04-t10_01.jpg,0.11017580879429723,True,0.08545002147140635,True,0.15720592450576587,True,0.21127262392788204,True
S405-05-t10_01.jpg,S405-06-t10_01.jpg,0.09361684851257379,True,0.0869708163043783,True,0.1928207905361493,True,0.20049740094117252,True
S406-01-t10_01.jpg,S406-02-t10_01.jpg,0.523509753425593,False,0.5083400454295534,False,0.8559600821657521,False,0.9383697110704268,False
S408-01-t10_01.jpg,S408-02-t10_01.jpg,0.6982001929809372,False,0.5833173118659545,False,0.8040478374394989,False,0.9587928917786565,False
S411-01-t10_01.jpg,S411-02-t10_01.jpg,0.5627960681762155,False,0.5201700955541755,False,0.8657516734216368,False,0.8818774082751822,False
S411-03-t10_01.jpg,S411-04-t10_01.jpg,0.10950866172510376,True,0.1201308997088808,False,0.802586908086139,False,0.2605200948769697,True
S411-05-t10_01.jpg,S411-06-t10_01.jpg,0.13359688650653212,True,0.238145164020934,False,0.4403233743111733,False,0.2594177620749014,True
S411-06-t10_02.jpg,S411-06-t10_03.jpg,0.051961900130844674,True,0.19847248251426297,False,0.03978450929248745,True,0.00616457913789159,True
S415-01-t10_01.jpg,S415-02-t10_01.jpg,0.10268599017084201,True,0.2887485448233701,False,0.2075155813434837,True,0.3377286968471981,True
S415-03-t10_01.jpg,S415-04-t10_01.jpg,0.16615327965441973,True,0.290771654645538,False,0.15534214780487643,True,0.32005445613452344,True
S415-05-t10_01.jpg,S415-06-t10_01.jpg,0.1669748823497682,True,0.19860854425543029,False,0.1883195261586893,True,0.26510457717734404,True
S417-01-t10_01.jpg,S417-02-t10_01.jpg,0.19489762627161256,True,0.6219209332419489,False,0.21955802481398867,True,0.22375186544686676,True
S417-03-t10_01.jpg,S417-04-t10_01.jpg,0.1301724599645201,True,0.07762461241696839,True,0.1608456302548431,True,0.21945145417137701,True
S417-06-t10_01.jpg,S417-07-t10_01.jpg,0.14392477178108765,True,0.3409169434651278,False,0.3257819223585824,True,0.37265828790527034,True
S418-01-t10_01.jpg,S418-03-t10_01.jpg,0.14827864526616297,True,0.15664981457399518,False,0.41002823112816156,False,0.35426330173872544,True
S419-01-t10_01.jpg,S419-02-t10_01.jpg,0.03186380476250461,True,0.03329372707498246,True,0.07115103407265899,True,0.20587687229449803,True
S419-04-t10_01.jpg,S419-05-t10_01.jpg,0.2716191836576024,True,0.3354142148818906,False,0.425946432183964,False,0.31559899989302975,True
S419-06-t10_01.jpg,S419-07-t10_01.jpg,0.08916374671062377,True,0.11454182507167643,False,0.07776037914394185,True,0.16404505890600274,True
S419-08-t10_01.jpg,S419-09-t10_01.jpg,0.08291506239029034,True,0.07150045107221237,True,0.1200842852407763,True,0.199310256737403,True
S420-01-t10_01.jpg,S420-02-t10_01.jpg,0.3629631995646314,True,0.46460394085785506,False,0.9484707643233179,False,0.5621203996886368,True
S420-03-t10_01.jpg,S420-04-t10_01.jpg,0.09286472954618918,True,0.0993940483543817,True,0.34915792566424364,True,0.2518511373179634,True
S420-05-t10_01.jpg,S420-06-t10_01.jpg,0.06299743661916213,True,0.083736289766422,True,0.07424149303206296,True,0.1391257280600856,True
S423-01-t10_01.jpg,S423-02-t10_01.jpg,0.06576949566631218,True,0.3316385089061574,False,0.09411909614229941,True,0.194874461376499,True
S423-03-t10_01.jpg,S423-04-t10_01.jpg,0.2188728886945831,True,0.3130269444725995,False,0.2783396404962203,True,0.47141819484553427,True
S425-01-t10_01.jpg,S425-02-t10_01.jpg,0.11382422719383312,True,0.20555653996642076,False,0.1611514652838033,True,0.20968492630532698,True
S425-03-t10_01.jpg,S425-04-t10_01.jpg,0.10513843928583821,True,0.15056733019482182,False,0.14042183963739707,True,0.2882947422449049,True
S425-05-t10_01.jpg,S425-06-t10_01.jpg,0.154841611706257,True,0.3515267313071213,False,0.23966177964947033,True,0.24334035757161399,True
S425-07-t10_01.jpg,S425-08-t10_01.jpg,0.08221888203071503,True,0.08221108427691981,True,0.10093035304254394,True,0.15275815718017893,True
S427-01-t10_01.jpg,S427-02-t10_01.jpg,0.12264326751238108,True,0.14145867733341833,False,0.28200844763227073,True,0.2415555781431249,True
S427-03-t10_01.jpg,S427-04-t10_01.jpg,0.1354702336407999,True,0.11055601154419326,False,0.1881089915154751,True,0.15472165944218885,True
S428-01-t10_01.jpg,S428-02-t10_01.jpg,0.15897427316529522,True,0.06548631746762545,True,0.4082795405598385,False,0.3424543045998867,True
S428-03-t10_01.jpg,S428-04-t10_01.jpg,0.12373029889658893,True,0.22727605639080928,False,0.10800878245143697,True,0.24843076344401727,True
S428-05-t10_01.jpg,S428-06-t10_01.jpg,0.04649043372979156,True,0.11157017375084333,False,0.18567762868273419,True,0.1954103424820509,True
S431-01-t10_01.jpg,S431-02-t10_01.jpg,0.18402428191309406,True,0.24945228628063587,False,0.3245748843751317,True,0.24515436983995875,True
S432-01-t10_01.jpg,S432-02-t10_01.jpg,0.024915587793879812,True,0.32150428107220863,False,0.08478827742944417,True,0.008373533340601758,True
S439-01-t10_01.jpg,S439-02-t10_01.jpg,0.5673460734683229,False,0.4436638793120795,False,0.9543023512970974,False,0.9474966218512015,False
S439-03-t10_01.jpg,S439-04-t10_01.jpg,0.12435322001513205,True,0.28930997316883855,False,0.19894445885881384,True,0.33332435558542994,True
S439-05-t10_01.jpg,S439-08-t10_01.jpg,0.11218244800716648,True,0.16883852320665604,False,0.27098195243951895,True,0.2333281714885994,True
S439-08-t10_02.jpg,S439-08-t10_03.jpg,0.038258438006970596,True,0.15381761185491005,False,0.04975853239684069,True,0.012025171725451478,True
S440-01-t10_01.jpg,S440-02-t10_01.jpg,0.15348350990094695,True,0.1555327019379884,False,0.16511600413935024,True,0.31192080081256135,True
S440-03-t10_01.jpg,S440-04-t10_01.jpg,0.06411606587719032,True,0.08050227021868839,True,0.245783836348888,True,0.1839128506203097,True
S442-01-t10_01.jpg,S442-02-t10_01.jpg,0.19459467474791314,True,0.4440083294683894,False,0.3259855414525018,True,0.022978417151180097,True
S443-01-t10_01.jpg,S443-02-t10_01.jpg,0.16255206526511257,True,0.14786937777880094,False,0.5502673558083542,False,0.26365910933957626,True
S443-03-t10_01.jpg,S443-04-t10_01.jpg,0.15695207061620065,True,0.29131785360030826,False,0.11845637454121716,True,0.21347747789663418,True
S443-05-t10_01.jpg,S443-06-t10_01.jpg,0.13821448345881393,True,0.13428820776391093,False,0.24496386493718758,True,0.250829055716678,True
S446-01-t10_01.jpg,S446-02-t10_01.jpg,0.18834507431167669,True,0.26376868524622,False,0.11194080952685526,True,0.5147404766352416,True
S449-01-t10_01.jpg,S449-02-t10_01.jpg,0.26145684255737467,True,0.2127671699592344,False,0.29520280447372726,True,0.5279228456872356,True
S449-03-t10_01.jpg,S449-03-t10_03.jpg,0.5253245115518673,False,0.41918204632709943,False,0.8204832888513871,False,0.9299999426710371,False
S449-05-t10_01.jpg,S449-06-t10_01.jpg,0.2392610288466388,True,0.2936774999612598,False,0.5028740572207626,False,0.34379751887715504,True
S450-01-t10_01.jpg,S450-02-t10_01.jpg,0.16380945157300486,True,0.5756168428843482,False,0.191456368463645,True,0.3615392599549584,True
S450-03-t10_01.jpg,S450-04-t10_01.jpg,0.15776140033090558,True,0.35361261253369203,False,0.1817639121090956,True,0.37400304396944917,True
S450-05-t10_01.jpg,S450-06-t10_01.jpg,0.16674900039460339,True,0.2811943319418072,False,0.26953237400051866,True,0.30418658995252956,True
S450-07-t10_01.jpg,S450-08-t10_01.jpg,0.1809753505999463,True,0.3619147107979106,False,0.3494614767634029,True,0.4830057823887278,True
S450-09-t10_01.jpg,S450-10-t10_01.jpg,0.0944562377202518,True,0.22646328507056535,False,0.30002922020198397,True,0.2670336904536076,True
S451-01-t10_01.jpg,S451-02-t10_01.jpg,0.15267944778945397,True,0.1539859209377411,False,0.19265629023062225,True,0.3562009784747837,True
S452-01-t10_01.jpg,S452-02-t10_01.jpg,0.15345450140790962,True,0.2479092922024404,False,0.1680910032524482,True,0.19482530067983994,True
S452-02-t10_02.jpg,S452-02-t10_03.jpg,0.5663710491203588,False,0.4212151525890998,False,0.5501677348860916,False,0.04610670944483819,True
S452-03-t10_01.jpg,S452-03-t10_02.jpg,0.6453989388824586,False,0.7310918896521508,False,0.7733289127018732,False,0.9141010260329033,False
S463-01-t10_02.jpg,S463-02-t10_01.jpg,0.8090762883909846,False,0.5712652756541285,False,1.0452178143550452,False,0.9447720541784392,False
S465-01-t10_01.jpg,S465-02-t10_01.jpg,0.34406053183048346,True,0.479229537046001,False,0.7281098535025416,False,0.5009040485996283,True
S466-01-t10_01.jpg,S466-02-t10_01.jpg,0.441458745505528,False,0.9058130297551579,False,0.8057056912493208,False,0.9229435657294892,False
S466-03-t10_01.jpg,S466-04-t10_01.jpg,0.07865757367463844,True,0.23776963672471785,False,0.1809568996371802,True,0.2306999215012172,True
S466-05-t10_01.jpg,S466-06-t10_01.jpg,0.135680469381381,True,0.18667058945848825,False,0.52116628892553,False,0.1594735359313615,True
S467-01-t10_01.jpg,S467-02-t10_01.jpg,0.19498343596406664,True,0.2636322760418648,False,0.29197281724815516,True,0.43646427535685595,True
S469-01-t10_01.jpg,S469-02-t10_01.jpg,0.11454833489380012,True,0.05559441674030474,True,0.14117096470981327,True,0.20569220889408457,True
S471-01-t10_01.jpg,S471-02-t10_01.jpg,0.11662096955187795,True,0.25258740656833445,False,0.5128752831075426,False,0.4298188636840642,True
S471-03-t10_01.jpg,S471-04-t10_01.jpg,0.28707575894034865,True,0.4149531072190754,False,0.8547287940776325,False,0.7659375510271319,False
S471-05-t10_01.jpg,S471-06-t10_01.jpg,0.08392933076690001,True,0.08727034454034344,True,0.09810666502330789,True,0.17267436495374588,True
S473-01-t10_01.jpg,S473-02-t10_01.jpg,0.20407923381247284,True,0.617580121583058,False,0.6776657247383253,False,0.5169972129121819,True
S473-03-t10_01.jpg,S473-04-t10_01.jpg,0.1360649670681341,True,0.42426247991052646,False,0.10096613085001716,True,0.330953352402484,True
S475-01-t10_01.jpg,S475-01-t10_02.jpg,0.698565757017652,False,0.4865907317161712,False,0.88269473922058,False,0.9879661910862069,False
S475-01-t10_03.jpg,S475-02-t10_01.jpg,0.4404525271880467,False,0.5610767371763381,False,0.7253214343699455,False,0.03415462958527238,True
S476-01-t10_01.jpg,S476-02-t10_01.jpg,0.06822568064540835,True,0.1256488985083476,False,0.13466938189032984,True,0.13765805022101163,True
S478-01-t10_01.jpg,S478-02-t10_01.jpg,0.5622710456949265,False,0.5673169692991424,False,0.9883669544428759,False,0.9572568694490317,False
S481-01-t10_01.jpg,S481-02-t10_01.jpg,0.17341944598768444,True,0.27200868121544586,False,0.7642981336767233,False,0.39848137127930894,True
S481-02-t10_02.jpg,S481-02-t10_03.jpg,0.026329297195736512,True,0.11568522311985763,False,0.1254717112528312,True,0.022445463419999756,True
S482-01-t10_01.jpg,S482-02-t10_01.jpg,0.23609230124898917,True,0.2830310844360747,False,0.2169823293384321,True,0.3531606731755811,True
S500-01-t10_01.jpg,S500-01-t10_03.jpg,0.4825238971642616,False,0.6430841199391185,False,0.8527269395785142,False,0.9626555704390094,False
S502-01-t10_01.jpg,S502-01-t10_02.jpg,0.41971678190166306,False,0.6506704991066269,False,0.7276889144616481,False,0.8931256019214787,False
S518-01-t10_01.jpg,S518-01-t10_02.jpg,0.5071020558570826,False,0.7504967176789775,False,0.9358836792107719,False,0.9613849301320285,False
S483-02-t10_02.jpg,S483-02-t10_03.jpg,0.08318630264079452,True,0.1486201535680124,False,0.046448869140461424,True,0.009267747710891339,True
S483-03-t10_01.jpg,S483-04-t10_01.jpg,0.1255847314959564,True,0.20428084950915826,False,0.19156014907839836,True,0.33456681018343637,True
S483-04-t10_02.jpg,S483-04-t10_03.jpg,0.2856731660744528,True,0.42681395560754254,False,0.17542581375849298,True,0.032684515083208354,True
S484-01-t10_01.jpg,S484-02-t10_01.jpg,0.4011288827332008,False,0.5300224549142258,False,0.5926109538729603,False,0.8966737794305205,False
S485-01-t10_01.jpg,S485-02-t10_01.jpg,0.16160084554247256,True,0.14558135426108731,False,0.4259423339246424,False,0.28804433464333135,True
S486-01-t10_01.jpg,S486-02-t10_01.jpg,0.10022943953894581,True,0.6539107865151071,False,0.12991510745469337,True,0.29750980278359274,True
S486-03-t10_01.jpg,S486-04-t10_01.jpg,0.11912409966846838,True,0.13386859390194095,False,0.2792755486181211,True,0.23110772701612248,True
S487-01-t10_01.jpg,S487-01-t10_02.jpg,0.5840294220374181,False,0.5806133440351693,False,1.0589548398113513,False,0.9290227427476865,False
S487-02-t10_01.jpg,S487-02-t10_02.jpg,0.707417319448848,False,0.31828022318914573,False,0.9696473646979601,False,0.9562218244943109,False
S489-01-t10_01.jpg,S489-02-t10_01.jpg,0.034133416683017836,True,0.09533184252990978,True,0.07576439200046159,True,0.13555470853523943,True
S490-01-t10_01.jpg,S490-01-t10_02.jpg,0.02443274277448515,True,0.21546994643399786,False,0.02430894480008572,True,0.005633010823945517,True
S491-01-t10_01.jpg,S491-02-t10_01.jpg,0.1781163538118825,True,0.15892242447280702,False,0.23741229055488178,True,0.3440856843292488,True
S492-01-t10_01.jpg,S492-02-t10_01.jpg,0.12129175224326094,True,0.13834767635719747,False,0.5645207885825771,False,0.15777695389327773,True
S493-01-t10_01.jpg,S493-02-t10_01.jpg,0.11511136589510718,True,0.14404894210645092,False,0.12812991422288422,True,0.31206724863649715,True
S494-01-t10_01.jpg,S494-01-t10_02.jpg,0.3735683151676916,True,0.32768725391480524,False,0.8218371736256582,False,0.9072688167306281,False
S494-01-t10_03.jpg,S494-02-t10_01.jpg,0.44147000956436955,False,0.5739835787940257,False,0.9210136867266245,False,0.9575420531412748,False
S494-02-t10_02.jpg,S494-02-t10_03.jpg,0.05277319031060346,True,0.2033346876880716,False,0.03473998378335519,True,0.016952950124647037,True
S495-01-t10_01.jpg,S495-02-t10_01.jpg,0.12542839556523044,True,0.46631732216619826,False,0.1016189129891758,True,0.35736748540300467,True
S495-02-t10_02.jpg,S495-02-t10_03.jpg,0.03929677828656908,True,0.08821390549756314,True,0.03147863766270331,True,0.007215742191875041,True
S496-01-t10_01.jpg,S496-02-t10_01.jpg,0.10952587623857701,True,0.4459502286903445,False,0.590065166712676,False,0.25868527571258737,True
S497-01-t10_01.jpg,S497-02-t10_01.jpg,0.2851397374817042,True,0.3094767289310517,False,0.3217965177689788,True,0.5515249113381072,True
S497-03-t10_01.jpg,S497-04-t10_01.jpg,0.7569464386115728,False,0.46005614965719666,False,1.1546423505024017,False,0.9751235429124527,False
S498-01-t10_01.jpg,S498-02-t10_01.jpg,0.14519600152784295,True,0.5813539541794956,False,0.05228504844535298,True,0.38218310242869147,True
S499-01-t10_01.jpg,S499-02-t10_01.jpg,0.7777023224324716,False,0.8711870822510038,False,1.0533960110654281,False,0.9908660977887588,False
S499-03-t10_01.jpg,S499-04-t10_01.jpg,0.6897085985674555,False,0.46349753764273083,False,0.9361261086882381,False,0.9322580826790293,False
S499-05-t10_01.jpg,S499-06-t10_01.jpg,0.17155896597921827,True,0.1960528751620908,False,0.561541703299592,False,0.40943464073617253,True
S500-01-t10_02.jpg,S500-02-t10_01.jpg,0.4996920513694396,False,0.6979152339550592,False,0.8019245750254026,False,0.9582701326939748,False
S501-01-t10_01.jpg,S501-02-t10_01.jpg,0.09555005762223423,True,0.14473020095949818,False,0.09169987762317588,True,0.18237960354527893,True
S501-03-t10_01.jpg,S501-04-t10_01.jpg,0.20083578432697013,True,0.1659633850053318,False,0.2320998290333557,True,0.46086057350404475,True
S501-05-t10_01.jpg,S501-06-t10_01.jpg,0.21969241879488932,True,0.46749417589006925,False,0.3637523559152853,True,0.45356709004829165,True
S502-02-t10_01.jpg,S502-02-t10_02.jpg,0.4925813527322187,False,0.8400433397491561,False,0.8760355199025716,False,0.9754581257464571,False
S503-01-t10_01.jpg,S503-02-t10_01.jpg,0.22290678221267413,True,0.14953935984526923,False,0.28710060150851435,True,0.38361592272152245,True
S504-01-t10_01.jpg,S504-02-t10_01.jpg,0.08565783756837753,True,0.16109853864916346,False,0.12911203664355697,True,0.23955958581143388,True
S505-01-t10_01.jpg,S505-02-t10_01.jpg,0.35067565909604714,True,0.5890007720049714,False,0.4024346459511424,False,0.9986084485236564,False
S506-01-t10_01.jpg,S506-01-t10_02.jpg,0.5514814958773075,False,0.6257770833013411,False,0.8057215088993633,False,0.9367442705380961,False
S506-02-t10_01.jpg,S506-02-t10_02.jpg,0.6724676376889394,False,0.44959432255892273,False,0.9988559670633198,False,1.0038790251122884,False
S506-03-t10_01.jpg,S506-03-t10_02.jpg,0.7370468641743044,False,0.7854135262232232,False,0.8470934889326825,False,0.9781267447046793,False
S507-01-t10_01.jpg,S507-02-t10_01.jpg,0.07443363675826054,True,0.24172695806207412,False,0.1527691169534503,True,0.1617249287398428,True
S507-03-t10_01.jpg,S507-04-t10_01.jpg,0.28296471845195637,True,0.6109506868190044,False,0.8259028478552309,False,0.9027571073622528,False
S508-01-t10_01.jpg,S508-02-t10_01.jpg,0.08240580264577468,True,0.07874513698824515,True,0.060576984546606205,True,0.1004263277271289,True
S509-01-t10_01.jpg,S509-01-t10_02.jpg,0.2524301154928986,True,0.8062006914703657,False,0.15276431380059663,True,0.03918756795489564,True
S510-01-t10_01.jpg,S510-02-t10_01.jpg,0.04318170147313227,True,0.06291826232770537,True,0.09359533707612733,True,0.15293071669720126,True
S510-03-t10_01.jpg,S510-04-t10_01.jpg,0.1766127533439218,True,0.16012973964696697,False,0.11482271084443774,True,0.18518285570992388,True
S511-01-t10_01.jpg,S511-01-t10_02.jpg,0.38734559550960823,True,0.4920485911339534,False,0.9464482808339687,False,0.9653518165224318,False
S512-01-t10_01.jpg,S512-02-t10_01.jpg,0.12660104300276576,True,0.4512853328931721,False,0.2713284815063779,True,0.28091940898109535,True
S513-01-t10_01.jpg,S513-02-t10_01.jpg,0.1790590828457309,True,0.38434385995375375,False,0.24856472227027404,True,0.38663978414493716,True
S514-01-t10_01.jpg,S514-01-t10_02.jpg,0.531147901688817,False,0.7660154925146501,False,1.0823379188017141,False,0.9392260555476554,False
S516-01-t10_01.jpg,S516-02-t10_01.jpg,0.1995733696923443,True,0.10881361644208376,False,0.1709228152768113,True,0.3402768064453381,True
